model,item,feature,value,shap_value,expected_value
DRF_1,1,Anth,299,-0.5201137609431272,2.5603869701381665
DRF_1,2,Anth,544,-0.563813505095174,2.5166872259861197
DRF_1,3,Anth,522,-0.5896038925220743,2.490896838559219
DRF_1,4,Anth,478,-0.543231451001607,2.5372692800796868
DRF_1,5,Anth,588,-0.5089204129899103,2.5715803180913834
DRF_1,6,Anth,677,-0.3584612572881562,2.7220394737931373
DRF_1,7,Anth,639,-0.4780130664986822,2.602487664582611
DRF_1,8,Anth,494,-0.5912143640133022,2.4892863670679914
DRF_1,9,Anth,609,-0.36947185670336,2.7110288743779334
DRF_1,10,Anth,565,-0.5054291544471217,2.575071576634172
DRF_1,11,Anth,655,-0.37469541906700404,2.7058053120142893
DRF_1,12,Anth,861,0.48884091734319934,3.569341648424493
DRF_1,13,Anth,642,-0.4252482333944903,2.6552524976868033
DRF_1,14,Anth,436,-0.5475717287793844,2.532929002301909
DRF_1,15,Anth,576,-0.5195007918740224,2.560999939207271
DRF_1,16,Anth,506,-0.5986309088330868,2.481869822248207
DRF_1,17,Anth,749,-0.19303575783357776,2.887464973247716
DRF_1,18,Anth,571,-0.4721003898272386,2.608400341254055
DRF_1,19,Anth,761,-0.18100861967568327,2.8994921114056105
DRF_1,20,Anth,499,-0.6147089729314309,2.4657917581498627
DRF_1,21,Anth,754,-0.1279468201972236,2.95255391088407
DRF_1,22,Anth,725,-0.24370278999732176,2.836797941083972
DRF_1,23,Anth,833,0.4463785330258424,3.526879264107136
DRF_1,24,Anth,830,0.5007766811885165,3.58127741226981
DRF_1,25,Anth,933,0.7533998842193184,3.833900615300612
DRF_1,26,Anth,613,-0.42972176532909134,2.650778965752202
DRF_1,27,Anth,548,-0.5359671966156417,2.5445335344656517
DRF_1,28,Anth,765,-0.10977476244868543,2.970725968632608
DRF_1,29,Anth,683,-0.29473912644020245,2.785761604641091
DRF_1,30,Anth,922,0.7307999816706827,3.8113007127519762
DRF_1,31,Anth,763,-0.1615268640568726,2.918973867024421
DRF_1,32,Anth,518,-0.6134183113817235,2.4670824196995698
DRF_1,33,Anth,656,-0.34749634500745336,2.73300438607384
DRF_1,34,Anth,644,-0.43644919588464676,2.6440515351966467
DRF_1,35,Anth,758,-0.15173458824293598,2.9287661428383576
DRF_1,36,Anth,877,0.5816771746531391,3.6621779057344326
DRF_1,37,Anth,901,0.7061860379572321,3.7866867690385257
DRF_1,38,Anth,480,-0.5468178910600858,2.533682840021208
DRF_1,39,Anth,793,-0.08658473444176462,2.993915996639529
DRF_1,40,Anth,718,-0.24313170081603533,2.837369030265258
DRF_1,41,Anth,784,-0.21064814818445704,2.8698525828968364
DRF_1,42,Anth,765,-0.2454731664593099,2.8350275646219836
DRF_1,43,Anth,481,-0.5923222770249983,2.4881784540562952
DRF_1,44,Anth,655,-0.3334856237453664,2.747015107335927
DRF_1,45,Anth,469,-0.5902549341887411,2.4902457968925527
DRF_1,46,Anth,585,-0.49284234889156603,2.5876583821897277
DRF_1,47,Anth,684,-0.35556393149390586,2.724936799587388
DRF_1,48,Anth,497,-0.6031653569325026,2.477335374148791
DRF_1,1,BW,1.99,-0.07911869515365377,3.00138203592764
DRF_1,2,BW,1.88,-0.12601653872090568,2.954484192360388
DRF_1,3,BW,1.93,-0.0555898208846477,3.024910910196646
DRF_1,4,BW,2.11,-0.3541552448612558,2.726345486220038
DRF_1,5,BW,2.01,-0.27687545684956016,2.8036252742317336
DRF_1,6,BW,1.98,-0.06361933477353598,3.0168813963077574
DRF_1,7,BW,1.73,0.04997030338435793,3.1304710344656517
DRF_1,8,BW,1.75,0.043516995635820455,3.124017726717114
DRF_1,9,BW,1.67,0.06668037282880296,3.1471811039100963
DRF_1,10,BW,2.06,-0.5037615740377652,2.5767391570435283
DRF_1,11,BW,1.85,-0.04099658865764916,3.0395041424236444
DRF_1,12,BW,2.03,-0.34083744515365255,2.739663285927641
DRF_1,13,BW,2.01,-0.26904392052899406,2.8114568105522997
DRF_1,14,BW,1.99,-0.0317639802413725,3.048736750839921
DRF_1,15,BW,2.1,-0.587871588657648,2.4926291424236453
DRF_1,16,BW,2.11,-0.5496999877804551,2.5308007433008384
DRF_1,17,BW,1.9,-0.0460602459851773,3.034440485096116
DRF_1,18,BW,2.02,-0.4561784234529701,2.6243223076283235
DRF_1,19,BW,1.52,0.3702751889563442,3.450775920037638
DRF_1,20,BW,1.73,0.03982775952470985,3.1203284906060036
DRF_1,21,BW,1.48,0.29365405706111647,3.37415478814241
DRF_1,22,BW,1.89,-0.09686433955242912,2.983636391528864
DRF_1,23,BW,1.73,0.04163620869318663,3.1221369397744803
DRF_1,24,BW,1.92,-0.029513888845316694,3.050986842235977
DRF_1,25,BW,1.6,0.3672293799096056,3.447730110990899
DRF_1,26,BW,1.73,0.025619060694299867,3.106119791775593
DRF_1,27,BW,1.77,0.07946134870599575,3.1599620797872894
DRF_1,28,BW,1.75,0.04565286919561723,3.126153600276911
DRF_1,29,BW,1.84,-0.015864857434355506,3.064635873646938
DRF_1,30,BW,1.97,-0.07594343930570058,3.004557291775593
DRF_1,31,BW,1.67,0.018686038055266696,3.09918676913656
DRF_1,32,BW,1.93,-0.0030381944226588464,3.0774625366586346
DRF_1,33,BW,1.87,-0.05030153506593424,3.030199196015359
DRF_1,34,BW,1.82,0.07657163744868611,3.1570723685299797
DRF_1,35,BW,1.89,-0.045626218207399205,3.0348745128738943
DRF_1,36,BW,1.95,-0.06817662644020428,3.012324104641089
DRF_1,37,BW,1.71,0.038468567273246435,3.11896929835454
DRF_1,38,BW,1.69,0.06299113671769097,3.1434918677989847
DRF_1,39,BW,1.73,0.07811738559377093,3.1586181166750644
DRF_1,40,BW,1.95,-0.04462110124833418,3.0358796298329596
DRF_1,41,BW,2.01,-0.3046037401372241,2.7758969909440694
DRF_1,42,BW,2.28,-0.5145247013945339,2.5659760296867598
DRF_1,43,BW,1.8,0.029867964203071473,3.110368695284365
DRF_1,44,BW,1.83,0.04946393765814078,3.1299646687394342
DRF_1,45,BW,2.12,-0.28766904237587587,2.7928316887054176
DRF_1,46,BW,2.02,-0.34805981965180055,2.732440911429493
DRF_1,47,BW,2.21,-0.5336523817863046,2.546848349294989
DRF_1,48,BW,2.23,-0.6549974110260683,2.425503320055225
DRF_1,1,TA,6.45,0.1034470941457481,3.1839478252270417
DRF_1,2,TA,6,0.016047605841655044,3.0965483369229485
DRF_1,3,TA,6.3,0.05554413361943178,3.1360448647007253
DRF_1,4,TA,6.6,0.12546829297615822,3.2059690240574517
DRF_1,5,TA,6.3,-0.007641173398111489,3.072859557683182
DRF_1,6,TA,6.9,0.10457785072469541,3.185078581805989
DRF_1,7,TA,6.45,0.06972998888258947,3.150230719963883
DRF_1,8,TA,6.6,0.15165844282995777,3.2321591739112514
DRF_1,9,TA,6.53,0.13233278493522124,3.2128335160165147
DRF_1,10,TA,7.2,0.19394188581241512,3.2744426168937086
DRF_1,11,TA,6.6,0.13199013142644972,3.2124908625077433
DRF_1,12,TA,6.75,0.12585663369568,3.2063573647769736
DRF_1,13,TA,5.85,-0.21852156447998217,2.8619791666013112
DRF_1,14,TA,5.7,-0.12649625380746754,2.954004477273826
DRF_1,15,TA,6.75,0.11645650569545597,3.1969572367767496
DRF_1,16,TA,7.28,0.2240497074498421,3.3045504385311357
DRF_1,17,TA,6.6,0.12214455394106946,3.202645285022363
DRF_1,18,TA,6.6,0.12408625715744374,3.2045869882387374
DRF_1,19,TA,5.55,-0.12195038392442785,2.9585503471568657
DRF_1,20,TA,5.55,-0.07566931667296528,3.0048314144083283
DRF_1,21,TA,6,-0.007858187287000912,3.072642543794293
DRF_1,22,TA,5.25,-0.1945358188659475,2.885964912215346
DRF_1,23,TA,5.63,-0.09208241966689182,2.9884183114144016
DRF_1,24,TA,6.75,0.20582054085942314,3.2863212719407167
DRF_1,25,TA,6.15,0.02164427989451001,3.1021450109758035
DRF_1,26,TA,5.48,-0.10063733567881317,2.9798633954024805
DRF_1,27,TA,6.75,0.16989903128025075,3.2503997623615444
DRF_1,28,TA,6.6,0.13424022280071887,3.2147409538820124
DRF_1,29,TA,6.45,0.09442388508142072,3.174924616162714
DRF_1,30,TA,6.15,-8.337902809288922e-4,3.0796669408003647
DRF_1,31,TA,5.7,-0.15259502939226377,2.9279057016890295
DRF_1,32,TA,5.7,-0.09203673260863837,2.988463998472655
DRF_1,33,TA,6.15,0.048885233765630226,3.1293859648469238
DRF_1,34,TA,7.13,0.2593887059878533,3.339889437069147
DRF_1,35,TA,5.85,-0.2362024855326153,2.844298245548678
DRF_1,36,TA,6.3,0.05348821264304915,3.1339889437243427
DRF_1,37,TA,4.8,-0.39332054101191866,2.687180190069375
DRF_1,38,TA,6,0.03402549326855442,3.1145262243498477
DRF_1,39,TA,6.23,0.04630391066621431,3.126804641747508
DRF_1,40,TA,5.25,-0.19339364050337476,2.887107090577919
DRF_1,41,TA,5.85,-0.24867507325191177,2.831825657829382
DRF_1,42,TA,5.78,-0.24571683129284835,2.8347838997884454
DRF_1,43,TA,6.3,0.06260279590013362,3.1431035269814274
DRF_1,44,TA,6.08,0.09998629370715077,3.1804870247884445
DRF_1,45,TA,5.7,-0.07462993436302351,3.00587079671827
DRF_1,46,TA,5.55,-0.07577211272559717,3.0047286183556965
DRF_1,47,TA,5.85,-0.1967859102402155,2.883714820841078
DRF_1,48,TA,6.3,-0.008554916088170605,3.071945814993123
DRF_1,1,TSS,18.4,-0.4531364217618394,2.627364309319454
DRF_1,2,TSS,19.2,-0.43303408258055315,2.6474666485007403
DRF_1,3,TSS,20.1,-0.33295641445189794,2.7475443166293956
DRF_1,4,TSS,19.7,-0.1901612755630102,2.8903394555182835
DRF_1,5,TSS,21,-0.24759000363318545,2.832910727448108
DRF_1,6,TSS,21.1,-0.2629979897442967,2.817502741336997
DRF_1,7,TSS,20.6,-0.35376690421798,2.7267338268633137
DRF_1,8,TSS,21.3,-0.23709338448113815,2.8434073466001553
DRF_1,9,TSS,21.6,0.06364217838435823,3.1441429094656517
DRF_1,10,TSS,21.8,0.03737969053854681,3.1178804216198404
DRF_1,11,TSS,22.2,0.01899061890112058,3.099491349982414
DRF_1,12,TSS,21.5,-0.0385713632823097,3.041929367798984
DRF_1,13,TSS,21.8,0.042839303111646854,3.1233400341929403
DRF_1,14,TSS,19.9,-0.2957213998320164,2.7847793312492772
DRF_1,15,TSS,22.1,-0.02379538256086841,3.056705348520425
DRF_1,16,TSS,22.1,-0.037798489286014925,3.0427022417952787
DRF_1,17,TSS,22.4,0.010134929322708028,3.0906356604040015
DRF_1,18,TSS,21.9,7.614515155518475e-6,3.0805083455964493
DRF_1,19,TSS,22.4,0.06270939935194729,3.143210130433241
DRF_1,20,TSS,20.9,-0.2588975694226599,2.8216031616586337
DRF_1,21,TSS,20.6,-0.3172971490792381,2.7632035820020553
DRF_1,22,TSS,23.2,0.0072337962817734525,3.087734527363067
DRF_1,23,TSS,22.9,0.08935642055077989,3.1698571516320735
DRF_1,24,TSS,21.6,0.08452119887397824,3.1650219299552718
DRF_1,25,TSS,22.8,0.25090993542158835,3.3314106665028818
DRF_1,26,TSS,20.4,-0.3389185855045309,2.7415821455767624
DRF_1,27,TSS,20.5,-0.34652549339926686,2.7339752376820265
DRF_1,28,TSS,19.9,-0.20325063957631279,2.8772500915049806
DRF_1,29,TSS,20.3,-0.31168905334078767,2.768811677740506
DRF_1,30,TSS,21.1,-0.20820769369166264,2.872293037389631
DRF_1,31,TSS,21.5,-0.07453855989794997,3.0059621711833437
DRF_1,32,TSS,21.2,-0.18779696635248339,2.89270376472881
DRF_1,33,TSS,21.6,0.057885599436989954,3.1383863305182835
DRF_1,34,TSS,21.4,-0.16422240494897553,2.916278326132318
DRF_1,35,TSS,21.9,0.06358887669113084,3.1440896077724245
DRF_1,36,TSS,21.4,-0.14748949193727745,2.933011239144016
DRF_1,37,TSS,24.8,0.2260599415422519,3.3065606726235455
DRF_1,38,TSS,20,-0.2885942068495584,2.7919065242317354
DRF_1,39,TSS,22.2,0.013241654468907092,3.0937423855502004
DRF_1,40,TSS,22.8,0.04538255359171403,3.1258832846730074
DRF_1,41,TSS,23.1,0.025531493650194054,3.1060322247314875
DRF_1,42,TSS,23,0.004161336486451256,3.084662067567745
DRF_1,43,TSS,19.7,-0.3174913194226583,2.7630094116586355
DRF_1,44,TSS,22.7,0.15616624024614992,3.2366669713274434
DRF_1,45,TSS,21.3,-0.07531524120628452,3.005185489875009
DRF_1,46,TSS,22.7,0.08617355018767023,3.1666742812689637
DRF_1,47,TSS,22.1,-0.04713008650823594,3.0333706445730577
DRF_1,48,TSS,22.2,-0.09009883650823625,2.9904018945730573
GBM_2,1,Anth,299,-0.7854588776465974,2.319649938418339
GBM_2,2,Anth,544,-0.770708426005198,2.3344003900597388
GBM_2,3,Anth,522,-0.8060490327434188,2.2990597833215176
GBM_2,4,Anth,478,-0.7354017863953014,2.369707029669635
GBM_2,5,Anth,588,-0.6811691004251342,2.4239397156398024
GBM_2,6,Anth,677,-0.3603409704513817,2.7447678456135547
GBM_2,7,Anth,639,-0.4933359968376868,2.61177281922725
GBM_2,8,Anth,494,-0.8408575477183157,2.2642512683466207
GBM_2,9,Anth,609,-0.5157792974194617,2.589329518645475
GBM_2,10,Anth,565,-0.7457250462932619,2.3593837697716746
GBM_2,11,Anth,655,-0.4753554062713705,2.629753409793566
GBM_2,12,Anth,861,0.6641682261983624,3.769277042263299
GBM_2,13,Anth,642,-0.500613752337548,2.6044950637273887
GBM_2,14,Anth,436,-0.7831764628460991,2.3219323532188376
GBM_2,15,Anth,576,-0.7458212368789482,2.359287579185988
GBM_2,16,Anth,506,-0.7296259599590824,2.375482856105854
GBM_2,17,Anth,749,-0.18777809863747885,2.9173307174274576
GBM_2,18,Anth,571,-0.7403657969945502,2.3647430190703864
GBM_2,19,Anth,761,-0.19080197562769527,2.9143068404372414
GBM_2,20,Anth,499,-0.8281200941203491,2.2769887219445875
GBM_2,21,Anth,754,-0.18417731619179056,2.920931499873146
GBM_2,22,Anth,725,-0.19358379856265656,2.9115250175022798
GBM_2,23,Anth,833,0.5088666691223447,3.6139754851872814
GBM_2,24,Anth,830,0.5480485395621151,3.6531573556270516
GBM_2,25,Anth,933,1.038493895610371,4.143602711675308
GBM_2,26,Anth,613,-0.5262565854190041,2.5788522306459325
GBM_2,27,Anth,548,-0.8101484396151801,2.2949603764497564
GBM_2,28,Anth,765,-0.18309373989059347,2.922015076174343
GBM_2,29,Anth,683,-0.3987897314418972,2.7063190846230394
GBM_2,30,Anth,922,1.1279913402401527,4.233100156305089
GBM_2,31,Anth,763,-0.17169997911987683,2.9334088369450595
GBM_2,32,Anth,518,-0.8285697557579408,2.2765390603069955
GBM_2,33,Anth,656,-0.49643635954174115,2.6086724565231956
GBM_2,34,Anth,644,-0.4449635534504576,2.660145262614479
GBM_2,35,Anth,758,-0.1570658068920733,2.948043009172863
GBM_2,36,Anth,877,0.770146839693161,3.8752556557580977
GBM_2,37,Anth,901,0.6035584966385962,3.7086673127035326
GBM_2,38,Anth,480,-0.7621770409343505,2.342931775130586
GBM_2,39,Anth,793,-0.13568820543494958,2.969420610629987
GBM_2,40,Anth,718,-0.20315689647902802,2.9019519195859083
GBM_2,41,Anth,784,-0.18241058520801046,2.922698230856926
GBM_2,42,Anth,765,-0.2125183858591797,2.8925904302057566
GBM_2,43,Anth,481,-0.8319881076207217,2.273120708444215
GBM_2,44,Anth,655,-0.5078832178438054,2.597225598221131
GBM_2,45,Anth,469,-0.7924414185265629,2.3126673975383736
GBM_2,46,Anth,585,-0.6434967507896728,2.4616120652752636
GBM_2,47,Anth,684,-0.41392098726754456,2.691187828797392
GBM_2,48,Anth,497,-0.7728185797649302,2.332290236300006
GBM_2,1,BW,1.99,-0.08722624813393987,3.0178825679309966
GBM_2,2,BW,1.88,-0.019529395079782574,3.085579420985154
GBM_2,3,BW,1.93,-0.035772160720208834,3.0693366553447277
GBM_2,4,BW,2.11,-0.4189181932172872,2.6861906228476493
GBM_2,5,BW,2.01,-0.47535886120991,2.6297499548550265
GBM_2,6,BW,1.98,-0.0986450804144528,3.0064637356504837
GBM_2,7,BW,1.73,0.00239789732177087,3.1075067133867074
GBM_2,8,BW,1.75,-0.05235617858958519,3.0527526374753515
GBM_2,9,BW,1.67,0.0867591935948695,3.1918680096598058
GBM_2,10,BW,2.06,-0.682347637482219,2.4227611785827174
GBM_2,11,BW,1.85,0.056272686978496356,3.1613815030434327
GBM_2,12,BW,2.03,-0.6324247857044553,2.4726840303604813
GBM_2,13,BW,2.01,-0.5946928212630644,2.510415994801872
GBM_2,14,BW,1.99,-0.08222145179164908,3.0228873642732874
GBM_2,15,BW,2.1,-0.6488153767530531,2.4562934393118834
GBM_2,16,BW,2.11,-0.6724002543668106,2.432708561698126
GBM_2,17,BW,1.9,-0.10621366655348902,2.9988951495114473
GBM_2,18,BW,2.02,-0.6186560488145393,2.4864527672503973
GBM_2,19,BW,1.52,0.4219119919581479,3.5270208080230843
GBM_2,20,BW,1.73,-0.017965293834852236,3.0871435222300843
GBM_2,21,BW,1.48,0.31553244963157634,3.4206412656965126
GBM_2,22,BW,1.89,-0.10048698810104278,3.0046218279638937
GBM_2,23,BW,1.73,0.006680258819622642,3.111789074884559
GBM_2,24,BW,1.92,-0.05340398985388484,3.0517048262110515
GBM_2,25,BW,1.6,0.41491608406851,3.5200249001334463
GBM_2,26,BW,1.73,-3.107584363233329e-4,3.104798057628613
GBM_2,27,BW,1.77,0.04825760383851696,3.1533664199034535
GBM_2,28,BW,1.75,-0.008273369848128764,3.096835446216808
GBM_2,29,BW,1.84,0.012965425965963617,3.1180742420309002
GBM_2,30,BW,1.97,-0.05347778936547609,3.0516310266994604
GBM_2,31,BW,1.67,0.06752046714524323,3.17262928321018
GBM_2,32,BW,1.93,-0.028364974583874325,3.076743841481062
GBM_2,33,BW,1.87,0.051934923437949365,3.157043739502886
GBM_2,34,BW,1.82,0.11938183417527803,3.2244906502402144
GBM_2,35,BW,1.89,-0.07716089578748456,3.0279479202774517
GBM_2,36,BW,1.95,-0.02923450484294865,3.075874311221988
GBM_2,37,BW,1.71,0.01499603020473228,3.120104846269669
GBM_2,38,BW,1.69,0.004325440578365258,3.1094342566433015
GBM_2,39,BW,1.73,0.011703973255186129,3.1168127893201225
GBM_2,40,BW,1.95,-0.10609096613143887,2.9990178499334976
GBM_2,41,BW,2.01,-0.6359510605315047,2.469157755533432
GBM_2,42,BW,2.28,-0.6550505608950384,2.450058255169898
GBM_2,43,BW,1.8,0.04713176268286512,3.1522405787478016
GBM_2,44,BW,1.83,0.07776615486914684,3.1828749709340833
GBM_2,45,BW,2.12,-0.49009650404603833,2.615012312018898
GBM_2,46,BW,2.02,-0.5995131712884754,2.505595644776461
GBM_2,47,BW,2.21,-0.632918932226511,2.4721898838384258
GBM_2,48,BW,2.23,-0.614563244410104,2.4905455716548324
GBM_2,1,TA,6.45,0.016975699708250136,3.1220845157731865
GBM_2,2,TA,6,-0.1300594183459408,2.975049397718996
GBM_2,3,TA,6.3,-0.09218216736415263,3.012926648700784
GBM_2,4,TA,6.6,0.07313178790846953,3.178240603973406
GBM_2,5,TA,6.3,-0.1055022168644335,2.999606599200503
GBM_2,6,TA,6.9,0.42146330471690113,3.5265721207818377
GBM_2,7,TA,6.45,0.02051526539853976,3.125624081463476
GBM_2,8,TA,6.6,0.058221634676803025,3.1633304507417397
GBM_2,9,TA,6.53,0.008452686180912272,3.1135615022458487
GBM_2,10,TA,7.2,0.3337065572691959,3.4388153733341325
GBM_2,11,TA,6.6,0.08171576701103853,3.186824583075975
GBM_2,12,TA,6.75,0.1820549707298949,3.2871637867948316
GBM_2,13,TA,5.85,-0.2354345028477946,2.869674313217142
GBM_2,14,TA,5.7,-0.08876313239229128,3.016345683672645
GBM_2,15,TA,6.75,0.20480446866897392,3.3099132847339106
GBM_2,16,TA,7.28,0.3345241726697874,3.439632988734724
GBM_2,17,TA,6.6,0.0557618644880452,3.1608706805529816
GBM_2,18,TA,6.6,0.07477966156751104,3.1798884776324474
GBM_2,19,TA,5.55,-0.16060956128205234,2.944499254782884
GBM_2,20,TA,5.55,-0.15178922416175822,2.9533195919031785
GBM_2,21,TA,6,-0.1447941087738262,2.9603147072911105
GBM_2,22,TA,5.25,-0.16543238706772356,2.939676428997213
GBM_2,23,TA,5.63,-0.15716161751288943,2.947947198552047
GBM_2,24,TA,6.75,0.21417419460576953,3.319283010670706
GBM_2,25,TA,6.15,-0.11309400582059148,2.992014810244345
GBM_2,26,TA,5.48,-0.16861212875620085,2.9364966873087357
GBM_2,27,TA,6.75,0.2572620051366755,3.362370821201612
GBM_2,28,TA,6.6,0.05526772192503887,3.1603765379899755
GBM_2,29,TA,6.45,0.00769305078771132,3.1128018668526476
GBM_2,30,TA,6.15,-0.12102946244621438,2.9840793536187222
GBM_2,31,TA,5.7,-0.11931204676686619,2.9857967692980703
GBM_2,32,TA,5.7,-0.10279413319558567,3.002314682869351
GBM_2,33,TA,6.15,-0.1421497195242723,2.962959096540664
GBM_2,34,TA,7.13,0.4568265755688822,3.561935391633819
GBM_2,35,TA,5.85,-0.23914784222499613,2.8659609738399405
GBM_2,36,TA,6.3,-0.0018381514491737638,3.1032706646157626
GBM_2,37,TA,4.8,-0.39703529497736806,2.7080735210875684
GBM_2,38,TA,6,-0.1379466397207737,2.967162176344163
GBM_2,39,TA,6.23,-0.1379457358096372,2.9671630802552995
GBM_2,40,TA,5.25,-0.1645693231756129,2.9405394928893234
GBM_2,41,TA,5.85,-0.2060047772561175,2.899104038808819
GBM_2,42,TA,5.78,-0.17183021739111748,2.933278598673819
GBM_2,43,TA,6.3,-0.09883938679311965,3.006269429271817
GBM_2,44,TA,6.08,-0.17893986471765816,2.9261689513472784
GBM_2,45,TA,5.7,-0.07852991368380519,3.0265789023811314
GBM_2,46,TA,5.55,-0.1444895341613725,2.960619281903564
GBM_2,47,TA,5.85,-0.2349856164813609,2.8701231995835754
GBM_2,48,TA,6.3,-0.10522601182879693,2.9998828042361394
GBM_2,1,TSS,18.4,-0.42659025161855685,2.67851856444638
GBM_2,2,TSS,19.2,-0.48587960235276884,2.6192292137121678
GBM_2,3,TSS,20.1,-0.44904671114499506,2.6560621049199415
GBM_2,4,TSS,19.7,-0.34731792313115345,2.757790892933783
GBM_2,5,TSS,21,-0.09864610876148017,3.006462707303456
GBM_2,6,TSS,21.1,-0.08111402801083444,3.023994788054102
GBM_2,7,TSS,20.6,-0.4191549556918331,2.6859538603731035
GBM_2,8,TSS,21.3,-0.17469549487678215,2.9304133211881545
GBM_2,9,TSS,21.6,-0.0476360887837915,3.057472727281145
GBM_2,10,TSS,21.8,0.14434245876995316,3.2494512748348896
GBM_2,11,TSS,22.2,0.1437864263304884,3.2488952423954247
GBM_2,12,TSS,21.5,0.04023452987975801,3.1453433459446947
GBM_2,13,TSS,21.8,0.1616782224879666,3.266787038552903
GBM_2,14,TSS,19.9,-0.4165037427429058,2.6886050733220306
GBM_2,15,TSS,22.1,0.11018981135385528,3.215298627418792
GBM_2,16,TSS,22.1,0.11747837391977375,3.22258718998471
GBM_2,17,TSS,22.4,0.08191536776238113,3.1870241838273174
GBM_2,18,TSS,21.9,0.120004719875909,3.2251135359408454
GBM_2,19,TSS,22.4,0.12210067049844356,3.22720948656338
GBM_2,20,TSS,20.9,-0.24175854334083602,2.8633502727241007
GBM_2,21,TSS,20.6,-0.5030318458860418,2.602076970178895
GBM_2,22,TSS,23.2,0.08190305862005964,3.187011874684996
GBM_2,23,TSS,22.9,0.13903431745404074,3.2441431335189774
GBM_2,24,TSS,21.6,0.0860356059298954,3.191144421994832
GBM_2,25,TSS,22.8,0.17911598537320683,3.2842248014381434
GBM_2,26,TSS,20.4,-0.47387993047863103,2.6312288855863053
GBM_2,27,TSS,20.5,-0.5189115261044461,2.5861972899604906
GBM_2,28,TSS,19.9,-0.5160218989914573,2.5890869170734794
GBM_2,29,TSS,20.3,-0.5249166395799616,2.580192176484975
GBM_2,30,TSS,21.1,-4.571632243773882e-4,3.104651652840559
GBM_2,31,TSS,21.5,-0.01808595447840894,3.0870228615865276
GBM_2,32,TSS,21.2,-0.08420981281859169,3.020899003246345
GBM_2,33,TSS,21.6,-0.030119169653713307,3.074989646411223
GBM_2,34,TSS,21.4,-0.050462401565906576,3.0546464144990297
GBM_2,35,TSS,21.9,0.16626221829322219,3.271371034358159
GBM_2,36,TSS,21.4,0.07863856012318693,3.1837473761881236
GBM_2,37,TSS,24.8,0.12564334450223094,3.2307521605671674
GBM_2,38,TSS,20,-0.4891012022060993,2.6160076138588373
GBM_2,39,TSS,22.2,0.12661717597879169,3.231725992043728
GBM_2,40,TSS,22.8,0.08787510028687032,3.192983916351807
GBM_2,41,TSS,23.1,0.06759531051330361,3.1727041265782403
GBM_2,42,TSS,23,0.06236311563402688,3.1674719316989632
GBM_2,43,TSS,19.7,-0.5272536579180003,2.577855158146936
GBM_2,44,TSS,22.7,0.13565635773987084,3.2407651738048076
GBM_2,45,TSS,21.3,-0.06179186058458108,3.043316955480355
GBM_2,46,TSS,22.7,0.06929798934445919,3.1744068054093955
GBM_2,47,TSS,22.1,0.0992488368525972,3.2043576529175337
GBM_2,48,TSS,22.2,0.08049113013229109,3.1855999461972275
GBM_grid_1_model_77,1,Anth,299,-0.647284553594849,2.4566315801393435
GBM_grid_1_model_77,2,Anth,544,-0.6113155727645485,2.492600560969644
GBM_grid_1_model_77,3,Anth,522,-0.6489879891705641,2.4549281445636284
GBM_grid_1_model_77,4,Anth,478,-0.6263582132966496,2.477557920437543
GBM_grid_1_model_77,5,Anth,588,-0.5096544448227487,2.594261688911444
GBM_grid_1_model_77,6,Anth,677,-0.2816127342312033,2.822303399502989
GBM_grid_1_model_77,7,Anth,639,-0.5004779800022643,2.603438153731928
GBM_grid_1_model_77,8,Anth,494,-0.6789665604628681,2.4249495732713244
GBM_grid_1_model_77,9,Anth,609,-0.5066924395538694,2.597223694180323
GBM_grid_1_model_77,10,Anth,565,-0.5861591155095696,2.517757018224623
GBM_grid_1_model_77,11,Anth,655,-0.4189748274278221,2.6849413063063703
GBM_grid_1_model_77,12,Anth,861,0.4518396940162954,3.555755827750488
GBM_grid_1_model_77,13,Anth,642,-0.3990752474560398,2.7048408862781526
GBM_grid_1_model_77,14,Anth,436,-0.5959820587842544,2.5079340749499384
GBM_grid_1_model_77,15,Anth,576,-0.6172505419199299,2.486665591814263
GBM_grid_1_model_77,16,Anth,506,-0.6050796391321759,2.4988364946020165
GBM_grid_1_model_77,17,Anth,749,-0.23543606340232792,2.8684800703318647
GBM_grid_1_model_77,18,Anth,571,-0.6285985742488271,2.475317559485365
GBM_grid_1_model_77,19,Anth,761,-0.21467127765830255,2.88924485607589
GBM_grid_1_model_77,20,Anth,499,-0.6288783516167007,2.475037782117492
GBM_grid_1_model_77,21,Anth,754,-0.19233284313774401,2.9115832905964485
GBM_grid_1_model_77,22,Anth,725,-0.22438037464795985,2.8795357590862327
GBM_grid_1_model_77,23,Anth,833,0.4613858523736476,3.56530198610784
GBM_grid_1_model_77,24,Anth,830,0.4532403175741532,3.557156451308346
GBM_grid_1_model_77,25,Anth,933,0.7899600073342301,3.8938761410684224
GBM_grid_1_model_77,26,Anth,613,-0.4581543091318665,2.6457618246023262
GBM_grid_1_model_77,27,Anth,548,-0.6558659499690604,2.4480501837651323
GBM_grid_1_model_77,28,Anth,765,-0.2057375664962814,2.898178567237911
GBM_grid_1_model_77,29,Anth,683,-0.3151675273552429,2.7887486063789497
GBM_grid_1_model_77,30,Anth,922,0.7454195984219045,3.849335732156097
GBM_grid_1_model_77,31,Anth,763,-0.18845667443095693,2.9154594593032357
GBM_grid_1_model_77,32,Anth,518,-0.6053286859040179,2.4985874478301744
GBM_grid_1_model_77,33,Anth,656,-0.37058862959823635,2.733327504135956
GBM_grid_1_model_77,34,Anth,644,-0.40779691495299597,2.6961192187811966
GBM_grid_1_model_77,35,Anth,758,-0.22166545738264087,2.8822506763515516
GBM_grid_1_model_77,36,Anth,877,0.5487239425434991,3.6526400762776916
GBM_grid_1_model_77,37,Anth,901,0.46311744501129826,3.567033578745491
GBM_grid_1_model_77,38,Anth,480,-0.6357075505667739,2.4682085831674185
GBM_grid_1_model_77,39,Anth,793,-0.012681559254057374,3.091234574480135
GBM_grid_1_model_77,40,Anth,718,-0.22337402110088053,2.880542112633312
GBM_grid_1_model_77,41,Anth,784,-0.21609563420118655,2.887820499533006
GBM_grid_1_model_77,42,Anth,765,-0.21609563420118572,2.8878204995330066
GBM_grid_1_model_77,43,Anth,481,-0.6785342336625042,2.425381900071688
GBM_grid_1_model_77,44,Anth,655,-0.412662571882266,2.6912535618519264
GBM_grid_1_model_77,45,Anth,469,-0.5773324367078208,2.5265836970263718
GBM_grid_1_model_77,46,Anth,585,-0.5069145091385204,2.597001624595672
GBM_grid_1_model_77,47,Anth,684,-0.3188772036746741,2.7850389300595184
GBM_grid_1_model_77,48,Anth,497,-0.6396643171028705,2.464251816631322
GBM_grid_1_model_77,1,BW,1.99,-0.11256731215023796,2.9913488215839545
GBM_grid_1_model_77,2,BW,1.88,-0.14269582181260376,2.961220311921589
GBM_grid_1_model_77,3,BW,1.93,-0.03726932779137382,3.0666468059428187
GBM_grid_1_model_77,4,BW,2.11,-0.6040342962165921,2.4998818375176004
GBM_grid_1_model_77,5,BW,2.01,-0.4944565705588676,2.609459563175325
GBM_grid_1_model_77,6,BW,1.98,-0.12202466968090186,2.9818914640532905
GBM_grid_1_model_77,7,BW,1.73,0.012645209464864804,3.1165613431990575
GBM_grid_1_model_77,8,BW,1.75,0.00668328135084062,3.110599415085033
GBM_grid_1_model_77,9,BW,1.67,0.07007111769503072,3.173987251429223
GBM_grid_1_model_77,10,BW,2.06,-0.7426360775731482,2.3612800561610445
GBM_grid_1_model_77,11,BW,1.85,0.04179230835160297,3.1457084420857955
GBM_grid_1_model_77,12,BW,2.03,-0.7442883127347477,2.359627820999445
GBM_grid_1_model_77,13,BW,2.01,-0.5329912395752393,2.5709248941589533
GBM_grid_1_model_77,14,BW,1.99,-0.10896342657157243,2.99495270716262
GBM_grid_1_model_77,15,BW,2.1,-0.7326716512456534,2.3712444824885393
GBM_grid_1_model_77,16,BW,2.11,-0.7351636895301501,2.368752444204042
GBM_grid_1_model_77,17,BW,1.9,-0.16352742148059904,2.9403887122535934
GBM_grid_1_model_77,18,BW,2.02,-0.6735873698656957,2.4303287638684967
GBM_grid_1_model_77,19,BW,1.52,0.5539655591592798,3.657881692893472
GBM_grid_1_model_77,20,BW,1.73,0.002773503050046089,3.1066896367842385
GBM_grid_1_model_77,21,BW,1.48,0.5772650662959513,3.681181200030144
GBM_grid_1_model_77,22,BW,1.89,-0.1867163988245865,2.917199734909606
GBM_grid_1_model_77,23,BW,1.73,0.07973500428476188,3.1836511380189543
GBM_grid_1_model_77,24,BW,1.92,-0.10234916023971796,3.0015669734944748
GBM_grid_1_model_77,25,BW,1.6,0.5193545734268625,3.623270707161055
GBM_grid_1_model_77,26,BW,1.73,-0.003660239150850675,3.100255894583342
GBM_grid_1_model_77,27,BW,1.77,0.11173533106435285,3.2156514647985452
GBM_grid_1_model_77,28,BW,1.75,0.01054615495463418,3.1144622886888267
GBM_grid_1_model_77,29,BW,1.84,-0.02256036334711975,3.0813557703870726
GBM_grid_1_model_77,30,BW,1.97,-0.09332803810988888,3.0105880956243034
GBM_grid_1_model_77,31,BW,1.67,0.03859204057504406,3.1425081743092367
GBM_grid_1_model_77,32,BW,1.93,-0.02352452444310482,3.0803916092910875
GBM_grid_1_model_77,33,BW,1.87,-0.06804175161779324,3.035874382116399
GBM_grid_1_model_77,34,BW,1.82,0.11365436014844557,3.217570493882638
GBM_grid_1_model_77,35,BW,1.89,-0.14096416343849766,2.962951970295695
GBM_grid_1_model_77,36,BW,1.95,-0.03964005359801187,3.064276080136181
GBM_grid_1_model_77,37,BW,1.71,0.06543659831598359,3.169352732050176
GBM_grid_1_model_77,38,BW,1.69,0.019072446358176176,3.1229885800923687
GBM_grid_1_model_77,39,BW,1.73,0.023826100914580046,3.1277422346487724
GBM_grid_1_model_77,40,BW,1.95,-0.07019194440293153,3.033724189331261
GBM_grid_1_model_77,41,BW,2.01,-0.6024270787102545,2.501489055023938
GBM_grid_1_model_77,42,BW,2.28,-0.7614673277664396,2.342448805967753
GBM_grid_1_model_77,43,BW,1.8,0.08507450972197805,3.1889906434561706
GBM_grid_1_model_77,44,BW,1.83,0.11638155545932727,3.2202976891935196
GBM_grid_1_model_77,45,BW,2.12,-0.6159799361315765,2.487936197602616
GBM_grid_1_model_77,46,BW,2.02,-0.6884066573574623,2.41550947637673
GBM_grid_1_model_77,47,BW,2.21,-0.7134202748294274,2.390495858904765
GBM_grid_1_model_77,48,BW,2.23,-0.7010340468633368,2.402882086870856
GBM_grid_1_model_77,1,TA,6.45,-0.03714424829407387,3.0667718854401187
GBM_grid_1_model_77,2,TA,6,-0.15885088252116464,2.9450652512130278
GBM_grid_1_model_77,3,TA,6.3,-0.036439695390981186,3.067476438343211
GBM_grid_1_model_77,4,TA,6.6,0.02330307650322533,3.127219210237418
GBM_grid_1_model_77,5,TA,6.3,-0.047921898433893106,3.0559942353002993
GBM_grid_1_model_77,6,TA,6.9,0.2635192157914996,3.3674353495256923
GBM_grid_1_model_77,7,TA,6.45,-0.04966973724488766,3.054246396489305
GBM_grid_1_model_77,8,TA,6.6,0.03073134289646351,3.134647476630656
GBM_grid_1_model_77,9,TA,6.53,-0.048482726305488055,3.0554334074287044
GBM_grid_1_model_77,10,TA,7.2,0.2969212232108025,3.400837356944995
GBM_grid_1_model_77,11,TA,6.6,0.05202141636512636,3.1559375500993188
GBM_grid_1_model_77,12,TA,6.75,0.21043410139668584,3.3143502351308785
GBM_grid_1_model_77,13,TA,5.85,-0.217551051440144,2.8863650822940485
GBM_grid_1_model_77,14,TA,5.7,0.002576709763995655,3.106492843498188
GBM_grid_1_model_77,15,TA,6.75,0.1927533594508379,3.29666949318503
GBM_grid_1_model_77,16,TA,7.28,0.2985179623384133,3.402434096072606
GBM_grid_1_model_77,17,TA,6.6,0.06600120510499086,3.1699173388391833
GBM_grid_1_model_77,18,TA,6.6,0.02200118477397453,3.1259173185081672
GBM_grid_1_model_77,19,TA,5.55,0.05890524326431122,3.1628213769985036
GBM_grid_1_model_77,20,TA,5.55,0.06409261135839539,3.168008745092588
GBM_grid_1_model_77,21,TA,6,-0.13547203412963355,2.968444099604559
GBM_grid_1_model_77,22,TA,5.25,-0.020240303733998405,3.0836758300001943
GBM_grid_1_model_77,23,TA,5.63,0.007464160518263263,3.1113802942524558
GBM_grid_1_model_77,24,TA,6.75,0.2220181924521964,3.3259343261863887
GBM_grid_1_model_77,25,TA,6.15,-0.13956829233999685,2.9643478413941957
GBM_grid_1_model_77,26,TA,5.48,0.041285663362866376,3.1452017970970587
GBM_grid_1_model_77,27,TA,6.75,0.241977010236042,3.3458931439702346
GBM_grid_1_model_77,28,TA,6.6,0.07143453118154242,3.175350664915735
GBM_grid_1_model_77,29,TA,6.45,-0.04428684418113882,3.0596292895530537
GBM_grid_1_model_77,30,TA,6.15,-0.14770682145945097,2.9562093122747415
GBM_grid_1_model_77,31,TA,5.7,-0.021812570462391073,3.0821035632718012
GBM_grid_1_model_77,32,TA,5.7,0.005106820552480185,3.1090229542866727
GBM_grid_1_model_77,33,TA,6.15,-0.17323991220231022,2.9306762215318822
GBM_grid_1_model_77,34,TA,7.13,0.38397111173147347,3.487887245465666
GBM_grid_1_model_77,35,TA,5.85,-0.20160978004105434,2.902306353693138
GBM_grid_1_model_77,36,TA,6.3,0.05908195445378317,3.1629980881879756
GBM_grid_1_model_77,37,TA,4.8,-0.5492204057848096,2.554695727949383
GBM_grid_1_model_77,38,TA,6,-0.1516547020193374,2.952261431714855
GBM_grid_1_model_77,39,TA,6.23,-0.1741596754501798,2.9297564582840128
GBM_grid_1_model_77,40,TA,5.25,-0.03987790824726231,3.06403822548693
GBM_grid_1_model_77,41,TA,5.85,-0.18898871769912745,2.914927416035065
GBM_grid_1_model_77,42,TA,5.78,-0.1259931089689419,2.977923024765251
GBM_grid_1_model_77,43,TA,6.3,-0.0428243948702699,3.0610917388639227
GBM_grid_1_model_77,44,TA,6.08,-0.1775433815281156,2.9263727522060767
GBM_grid_1_model_77,45,TA,5.7,0.005655544866083051,3.1095716786002754
GBM_grid_1_model_77,46,TA,5.55,0.07178613175551676,3.175702265489709
GBM_grid_1_model_77,47,TA,5.85,-0.1974173906656535,2.906498743068539
GBM_grid_1_model_77,48,TA,6.3,-0.058798726124450584,3.045117407609742
GBM_grid_1_model_77,1,TSS,18.4,-0.543341129328164,2.5605750044060285
GBM_grid_1_model_77,2,TSS,19.2,-0.5757861699348065,2.528129963799386
GBM_grid_1_model_77,3,TSS,20.1,-0.5680049365388131,2.5359111971953796
GBM_grid_1_model_77,4,TSS,19.7,-0.4762395233261049,2.6276766104080878
GBM_grid_1_model_77,5,TSS,21,-0.16854672258376463,2.935369411150428
GBM_grid_1_model_77,6,TSS,21.1,-0.10297853245182816,3.0009376012823643
GBM_grid_1_model_77,7,TSS,20.6,-0.5614160337265451,2.5425001000076475
GBM_grid_1_model_77,8,TSS,21.3,-0.17471855180736817,2.9291975819268243
GBM_grid_1_model_77,9,TSS,21.6,-0.026733157597589485,3.077182976136603
GBM_grid_1_model_77,10,TSS,21.8,0.24245644860088644,3.346372582335079
GBM_grid_1_model_77,11,TSS,22.2,0.19866091317245152,3.302577046906644
GBM_grid_1_model_77,12,TSS,21.5,-0.08029147538571635,3.023624658348476
GBM_grid_1_model_77,13,TSS,21.8,0.2562228246287747,3.3601389583629673
GBM_grid_1_model_77,14,TSS,19.9,-0.5536447999271273,2.550271333807065
GBM_grid_1_model_77,15,TSS,22.1,0.17947313396302988,3.2833892676972223
GBM_grid_1_model_77,16,TSS,22.1,0.18160648388470785,3.2855226176189003
GBM_grid_1_model_77,17,TSS,22.4,0.05812534703094793,3.1620414807651405
GBM_grid_1_model_77,18,TSS,21.9,0.19947341706297184,3.3033895507971645
GBM_grid_1_model_77,19,TSS,22.4,0.02549765178453895,3.1294137855187314
GBM_grid_1_model_77,20,TSS,20.9,-0.3172711040358258,2.7866450296983665
GBM_grid_1_model_77,21,TSS,20.6,-0.5214945439144865,2.582421589819706
GBM_grid_1_model_77,22,TSS,23.2,0.12787345289680724,3.231789586631
GBM_grid_1_model_77,23,TSS,22.9,0.19592473885036055,3.299840872584553
GBM_grid_1_model_77,24,TSS,21.6,-0.010002507951497208,3.093913625782695
GBM_grid_1_model_77,25,TSS,22.8,0.21988967116120162,3.323805804895394
GBM_grid_1_model_77,26,TSS,20.4,-0.5486838361380729,2.5552322975961195
GBM_grid_1_model_77,27,TSS,20.5,-0.5545114061441627,2.54940472759003
GBM_grid_1_model_77,28,TSS,19.9,-0.5814348010047847,2.5224813327294076
GBM_grid_1_model_77,29,TSS,20.3,-0.582628823166877,2.5212873105673155
GBM_grid_1_model_77,30,TSS,21.1,-0.16288069146026835,2.941035442273924
GBM_grid_1_model_77,31,TSS,21.5,-0.12395396186507485,2.9799621718691176
GBM_grid_1_model_77,32,TSS,21.2,-0.1479868015204312,2.955929332213761
GBM_grid_1_model_77,33,TSS,21.6,-0.008893343270234666,3.095022790463958
GBM_grid_1_model_77,34,TSS,21.4,-0.16265209054026333,2.941264043193929
GBM_grid_1_model_77,35,TSS,21.9,0.23446189450782245,3.338378028242015
GBM_grid_1_model_77,36,TSS,21.4,-0.1504887240828427,2.9534274096513498
GBM_grid_1_model_77,37,TSS,24.8,0.2335184044370918,3.3374345381712844
GBM_grid_1_model_77,38,TSS,20,-0.5880518322285019,2.5158643015056907
GBM_grid_1_model_77,39,TSS,22.2,0.1561401775121197,3.2600563112463123
GBM_grid_1_model_77,40,TSS,22.8,0.14787658254351738,3.25179271627771
GBM_grid_1_model_77,41,TSS,23.1,0.12418095431525997,3.2280970880494526
GBM_grid_1_model_77,42,TSS,23,0.11755960963814491,3.2214757433723373
GBM_grid_1_model_77,43,TSS,19.7,-0.575820767115081,2.5280953666191115
GBM_grid_1_model_77,44,TSS,22.7,0.15872801618892754,3.26264414992312
GBM_grid_1_model_77,45,TSS,21.3,-0.09256120363296255,3.01135493010123
GBM_grid_1_model_77,46,TSS,22.7,0.11958848287690708,3.2235046166110997
GBM_grid_1_model_77,47,TSS,22.1,0.16168495666132382,3.265601090395516
GBM_grid_1_model_77,48,TSS,22.2,0.16778383282667217,3.2716999665608646
GLM_grid_1_model_1,1,Anth,299,-1.8071512516444554,1.297015415022211
GLM_grid_1_model_1,2,Anth,544,-0.8149897801533819,2.2891768865132844
GLM_grid_1_model_1,3,Anth,522,-0.9040818306546216,2.200084836012045
GLM_grid_1_model_1,4,Anth,478,-1.0822659316571,2.0219007350095666
GLM_grid_1_model_1,5,Anth,588,-0.6368056791509036,2.4673609875157627
GLM_grid_1_model_1,6,Anth,677,-0.27638783848679876,2.8277788281798677
GLM_grid_1_model_1,7,Anth,639,-0.4302741075343943,2.6738925591322724
GLM_grid_1_model_1,8,Anth,494,-1.0174717131107445,2.086694953555922
GLM_grid_1_model_1,9,Anth,609,-0.5517632673088116,2.5524033993578548
GLM_grid_1_model_1,10,Anth,565,-0.7299473683112904,2.374219298355376
GLM_grid_1_model_1,11,Anth,655,-0.3654798889880376,2.738686777678629
GLM_grid_1_model_1,12,Anth,861,0.46874567479629303,3.5729123414629598
GLM_grid_1_model_1,13,Anth,642,-0.4181251915569528,2.6860414751097137
GLM_grid_1_model_1,14,Anth,436,-1.2523507553412838,1.8518159113253827
GLM_grid_1_model_1,15,Anth,576,-0.685401343060671,2.4187653236059954
GLM_grid_1_model_1,16,Anth,506,-0.9688760492009779,2.1352906174656887
GLM_grid_1_model_1,17,Anth,749,0.015186144971801915,3.1193528116384686
GLM_grid_1_model_1,18,Anth,571,-0.7056495363564066,2.39851713031026
GLM_grid_1_model_1,19,Anth,761,0.06378180888156892,3.1679484755482354
GLM_grid_1_model_1,20,Anth,499,-0.9972235198150081,2.106943146851658
GLM_grid_1_model_1,21,Anth,754,0.03543433826753914,3.139601004934206
GLM_grid_1_model_1,22,Anth,725,-0.08200518284773192,3.022161483818935
GLM_grid_1_model_1,23,Anth,833,0.35535579234017034,3.4595224590068367
GLM_grid_1_model_1,24,Anth,830,0.34320687636272884,3.4473735430293955
GLM_grid_1_model_1,25,Anth,933,0.7603196582548941,3.8644863249215606
GLM_grid_1_model_1,26,Anth,613,-0.5355647126722223,2.5686019539944445
GLM_grid_1_model_1,27,Anth,548,-0.7987912255167929,2.3053754411498737
GLM_grid_1_model_1,28,Anth,765,0.07998036351815774,3.1841470301848243
GLM_grid_1_model_1,29,Anth,683,-0.25209000653191527,2.852076660134751
GLM_grid_1_model_1,30,Anth,922,0.7157736330042739,3.8199402996709404
GLM_grid_1_model_1,31,Anth,763,0.07188108619986298,3.1760477528665296
GLM_grid_1_model_1,32,Anth,518,-0.9202803852912103,2.1838862813754565
GLM_grid_1_model_1,33,Anth,656,-0.36143025032889087,2.7427364163377757
GLM_grid_1_model_1,34,Anth,644,-0.4100259142386574,2.694140752428009
GLM_grid_1_model_1,35,Anth,758,0.051632892904126614,3.1557995595707933
GLM_grid_1_model_1,36,Anth,877,0.533539893342649,3.6377065600093155
GLM_grid_1_model_1,37,Anth,901,0.6307312211621829,3.7348978878288497
GLM_grid_1_model_1,38,Anth,480,-1.0741666543388055,2.0300000123278608
GLM_grid_1_model_1,39,Anth,793,0.19337024597428018,3.297536912640947
GLM_grid_1_model_1,40,Anth,718,-0.11035265346176182,2.9938140132049047
GLM_grid_1_model_1,41,Anth,784,0.15692349804195563,3.261090164708622
GLM_grid_1_model_1,42,Anth,765,0.07998036351815788,3.1841470301848243
GLM_grid_1_model_1,43,Anth,481,-1.0701170156796587,2.034049650987008
GLM_grid_1_model_1,44,Anth,655,-0.3654798889880384,2.738686777678628
GLM_grid_1_model_1,45,Anth,469,-1.118712679589425,1.9854539870772414
GLM_grid_1_model_1,46,Anth,585,-0.6489545951283446,2.455212071538322
GLM_grid_1_model_1,47,Anth,684,-0.24804036787276862,2.856126298793898
GLM_grid_1_model_1,48,Anth,497,-1.0053227971333025,2.098843869533364
GLM_grid_1_model_1,1,BW,1.99,-0.2784291709913309,2.8257374956753356
GLM_grid_1_model_1,2,BW,1.88,-0.10598271669992587,2.998183949966741
GLM_grid_1_model_1,3,BW,1.93,-0.18436746865056453,2.919799198016102
GLM_grid_1_model_1,4,BW,2.11,-0.46655257567286434,2.637614090993802
GLM_grid_1_model_1,5,BW,2.01,-0.3097830717715866,2.7943835948950797
GLM_grid_1_model_1,6,BW,1.98,-0.26275222060120385,2.8414144460654627
GLM_grid_1_model_1,7,BW,1.73,0.1291715391519902,3.2333382058186566
GLM_grid_1_model_1,8,BW,1.75,0.09781763837173374,3.2019843050384003
GLM_grid_1_model_1,9,BW,1.67,0.22323324149275625,3.327399908159423
GLM_grid_1_model_1,10,BW,2.06,-0.388167823722225,2.7159988429444413
GLM_grid_1_model_1,11,BW,1.85,-0.05895186552954268,3.045214801137124
GLM_grid_1_model_1,12,BW,2.03,-0.34113697255184194,2.7630296941148247
GLM_grid_1_model_1,13,BW,2.01,-0.3097830717715869,2.7943835948950797
GLM_grid_1_model_1,14,BW,1.99,-0.27842917099133113,2.8257374956753356
GLM_grid_1_model_1,15,BW,2.1,-0.45087562528273706,2.6532910413839295
GLM_grid_1_model_1,16,BW,2.11,-0.4665525756728641,2.6376140909938024
GLM_grid_1_model_1,17,BW,1.9,-0.13733661748018078,2.966830049186486
GLM_grid_1_model_1,18,BW,2.02,-0.325460022161715,2.7787066445049513
GLM_grid_1_model_1,19,BW,1.52,0.4583874973446731,3.5625541640113396
GLM_grid_1_model_1,20,BW,1.73,0.12917153915199053,3.233338205818657
GLM_grid_1_model_1,21,BW,1.48,0.5210952989051834,3.62526196557185
GLM_grid_1_model_1,22,BW,1.89,-0.12165966709005369,2.982506999576613
GLM_grid_1_model_1,23,BW,1.73,0.12917153915199014,3.2333382058186566
GLM_grid_1_model_1,24,BW,1.92,-0.16869051826043768,2.935476148406229
GLM_grid_1_model_1,25,BW,1.6,0.3329718942236505,3.437138560890317
GLM_grid_1_model_1,26,BW,1.73,0.12917153915198987,3.233338205818656
GLM_grid_1_model_1,27,BW,1.77,0.06646373759147894,3.1706304042581452
GLM_grid_1_model_1,28,BW,1.75,0.09781763837173368,3.2019843050384003
GLM_grid_1_model_1,29,BW,1.84,-0.043274915139415615,3.060891751527251
GLM_grid_1_model_1,30,BW,1.97,-0.2470752702110749,2.8570913964555915
GLM_grid_1_model_1,31,BW,1.67,0.2232332414927567,3.327399908159423
GLM_grid_1_model_1,32,BW,1.93,-0.18436746865056497,2.9197991980161015
GLM_grid_1_model_1,33,BW,1.87,-0.09030576630979797,3.0138609003568684
GLM_grid_1_model_1,34,BW,1.82,-0.011921014359159765,3.092245652307507
GLM_grid_1_model_1,35,BW,1.89,-0.12165966709005466,2.982506999576612
GLM_grid_1_model_1,36,BW,1.95,-0.21572136943082032,2.888445297235846
GLM_grid_1_model_1,37,BW,1.71,0.16052543993224622,3.264692106598913
GLM_grid_1_model_1,38,BW,1.69,0.19187934071250123,3.296046007379168
GLM_grid_1_model_1,39,BW,1.73,0.12917153915198998,3.2333382058186566
GLM_grid_1_model_1,40,BW,1.95,-0.21572136943081976,2.8884452972358465
GLM_grid_1_model_1,41,BW,2.01,-0.30978307177158615,2.7943835948950806
GLM_grid_1_model_1,42,BW,2.28,-0.733060732305035,2.3711059343616316
GLM_grid_1_model_1,43,BW,1.8,0.019432886421095752,3.1235995530877623
GLM_grid_1_model_1,44,BW,1.83,-0.027597964749287718,3.076568701917379
GLM_grid_1_model_1,45,BW,2.12,-0.4822295260629925,2.621937140603674
GLM_grid_1_model_1,46,BW,2.02,-0.3254600221617151,2.7787066445049513
GLM_grid_1_model_1,47,BW,2.21,-0.6233220795741421,2.480844587092524
GLM_grid_1_model_1,48,BW,2.23,-0.6546759803543968,2.4494906863122696
GLM_grid_1_model_1,1,TA,6.45,0.06234686974024939,3.166513536406916
GLM_grid_1_model_1,2,TA,6,-0.072999098741097,3.0311675679255696
GLM_grid_1_model_1,3,TA,6.3,0.01723154691313422,3.1213982135798006
GLM_grid_1_model_1,4,TA,6.6,0.10746219256736605,3.2116288592340325
GLM_grid_1_model_1,5,TA,6.3,0.01723154691313461,3.121398213579801
GLM_grid_1_model_1,6,TA,6.9,0.19769283822159656,3.301859504888263
GLM_grid_1_model_1,7,TA,6.45,0.06234686974024886,3.1665135364069155
GLM_grid_1_model_1,8,TA,6.6,0.10746219256736572,3.211628859234032
GLM_grid_1_model_1,9,TA,6.53,0.08640837524804501,3.1905750419147116
GLM_grid_1_model_1,10,TA,7.2,0.28792348387582667,3.392090150542493
GLM_grid_1_model_1,11,TA,6.6,0.10746219256736542,3.211628859234032
GLM_grid_1_model_1,12,TA,6.75,0.15257751539448067,3.2567441820611474
GLM_grid_1_model_1,13,TA,5.85,-0.11811442156821189,2.986052245098455
GLM_grid_1_model_1,14,TA,5.7,-0.16322974439532723,2.940936922271339
GLM_grid_1_model_1,15,TA,6.75,0.15257751539448167,3.2567441820611482
GLM_grid_1_model_1,16,TA,7.28,0.31198498938362207,3.4161516560502885
GLM_grid_1_model_1,17,TA,6.6,0.10746219256736478,3.211628859234031
GLM_grid_1_model_1,18,TA,6.6,0.10746219256736492,3.2116288592340316
GLM_grid_1_model_1,19,TA,5.55,-0.20834506722244356,2.895821599444223
GLM_grid_1_model_1,20,TA,5.55,-0.2083450672224434,2.895821599444223
GLM_grid_1_model_1,21,TA,6,-0.0729990987410967,3.0311675679255696
GLM_grid_1_model_1,22,TA,5.25,-0.29857571287667395,2.8055909537899923
GLM_grid_1_model_1,23,TA,5.63,-0.18428356171464816,2.919883104952018
GLM_grid_1_model_1,24,TA,6.75,0.15257751539448142,3.256744182061148
GLM_grid_1_model_1,25,TA,6.15,-0.027883775913980502,3.076282890752686
GLM_grid_1_model_1,26,TA,5.48,-0.22939888454176305,2.8747677821249034
GLM_grid_1_model_1,27,TA,6.75,0.15257751539448167,3.2567441820611482
GLM_grid_1_model_1,28,TA,6.6,0.10746219256736607,3.2116288592340325
GLM_grid_1_model_1,29,TA,6.45,0.06234686974024975,3.1665135364069164
GLM_grid_1_model_1,30,TA,6.15,-0.027883775913981335,3.0762828907526854
GLM_grid_1_model_1,31,TA,5.7,-0.16322974439532809,2.9409369222713386
GLM_grid_1_model_1,32,TA,5.7,-0.16322974439532756,2.940936922271339
GLM_grid_1_model_1,33,TA,6.15,-0.02788377591398089,3.076282890752686
GLM_grid_1_model_1,34,TA,7.13,0.26686966655650635,3.3710363332231728
GLM_grid_1_model_1,35,TA,5.85,-0.11811442156821186,2.986052245098455
GLM_grid_1_model_1,36,TA,6.3,0.01723154691313475,3.121398213579801
GLM_grid_1_model_1,37,TA,4.8,-0.4339216813580209,2.6702449853086456
GLM_grid_1_model_1,38,TA,6,-0.072999098741097,3.0311675679255696
GLM_grid_1_model_1,39,TA,6.23,-0.0038222704061854212,3.100344396260481
GLM_grid_1_model_1,40,TA,5.25,-0.2985757128766747,2.805590953789992
GLM_grid_1_model_1,41,TA,5.85,-0.118114421568212,2.9860522450984543
GLM_grid_1_model_1,42,TA,5.78,-0.13916823888753313,2.9649984277791335
GLM_grid_1_model_1,43,TA,6.3,0.017231546913134888,3.1213982135798015
GLM_grid_1_model_1,44,TA,6.08,-0.04893759323330152,3.055229073433365
GLM_grid_1_model_1,45,TA,5.7,-0.16322974439532734,2.940936922271339
GLM_grid_1_model_1,46,TA,5.55,-0.20834506722244317,2.8958215994442233
GLM_grid_1_model_1,47,TA,5.85,-0.11811442156821192,2.986052245098455
GLM_grid_1_model_1,48,TA,6.3,0.01723154691313472,3.121398213579801
GLM_grid_1_model_1,1,TSS,18.4,-0.5591889201250586,2.544977746541608
GLM_grid_1_model_1,2,TSS,19.2,-0.4418829680201569,2.6622836986465095
GLM_grid_1_model_1,3,TSS,20.1,-0.30991377190214264,2.794252894764524
GLM_grid_1_model_1,4,TSS,19.7,-0.3685667479545932,2.735599918712073
GLM_grid_1_model_1,5,TSS,21,-0.17794457578412853,2.926222090882538
GLM_grid_1_model_1,6,TSS,21.1,-0.1632813317710156,2.940885334895651
GLM_grid_1_model_1,7,TSS,20.6,-0.23659755183657816,2.867569114830088
GLM_grid_1_model_1,8,TSS,21.3,-0.1339548437447896,2.970211822921877
GLM_grid_1_model_1,9,TSS,21.6,-0.08996511170545157,3.014201554961215
GLM_grid_1_model_1,10,TSS,21.8,-0.06063862367922629,3.04352804298744
GLM_grid_1_model_1,11,TSS,22.2,-0.0019856476267758605,3.102181019039891
GLM_grid_1_model_1,12,TSS,21.5,-0.10462835571856471,2.9995383109481017
GLM_grid_1_model_1,13,TSS,21.8,-0.06063862367922662,3.04352804298744
GLM_grid_1_model_1,14,TSS,19.9,-0.33924025992836815,2.764926406738298
GLM_grid_1_model_1,15,TSS,22.1,-0.016648891639888197,3.0875177750267784
GLM_grid_1_model_1,16,TSS,22.1,-0.016648891639888197,3.0875177750267784
GLM_grid_1_model_1,17,TSS,22.4,0.027340840399448986,3.1315075070661154
GLM_grid_1_model_1,18,TSS,21.9,-0.04597537966611359,3.058191287000553
GLM_grid_1_model_1,19,TSS,22.4,0.027340840399450575,3.131507507066117
GLM_grid_1_model_1,20,TSS,20.9,-0.19260781979724084,2.9115588468694256
GLM_grid_1_model_1,21,TSS,20.6,-0.23659755183657863,2.8675691148300877
GLM_grid_1_model_1,22,TSS,23.2,0.14464679250435136,3.248813459171018
GLM_grid_1_model_1,23,TSS,22.9,0.10065706046501266,3.204823727131679
GLM_grid_1_model_1,24,TSS,21.6,-0.08996511170545121,3.014201554961215
GLM_grid_1_model_1,25,TSS,22.8,0.08599381645190152,3.190160483118568
GLM_grid_1_model_1,26,TSS,20.4,-0.26592403986280433,2.8382426268038623
GLM_grid_1_model_1,27,TSS,20.5,-0.2512607958496918,2.8529058708169748
GLM_grid_1_model_1,28,TSS,19.9,-0.3392402599283675,2.764926406738299
GLM_grid_1_model_1,29,TSS,20.3,-0.2805872838759167,2.82357938279075
GLM_grid_1_model_1,30,TSS,21.1,-0.16328133177101598,2.9408853348956505
GLM_grid_1_model_1,31,TSS,21.5,-0.10462835571856421,2.999538310948102
GLM_grid_1_model_1,32,TSS,21.2,-0.14861808775790308,2.9555485789087634
GLM_grid_1_model_1,33,TSS,21.6,-0.0899651117054523,3.0142015549612142
GLM_grid_1_model_1,34,TSS,21.4,-0.11929159973167763,2.984875066934989
GLM_grid_1_model_1,35,TSS,21.9,-0.04597537966611353,3.058191287000553
GLM_grid_1_model_1,36,TSS,21.4,-0.11929159973167755,2.984875066934989
GLM_grid_1_model_1,37,TSS,24.8,0.37925869671415446,3.483425363380821
GLM_grid_1_model_1,38,TSS,20,-0.32457701591525445,2.779589650751412
GLM_grid_1_model_1,39,TSS,22.2,-0.001985647626774986,3.1021810190398917
GLM_grid_1_model_1,40,TSS,22.8,0.08599381645190086,3.1901604831185675
GLM_grid_1_model_1,41,TSS,23.1,0.12998354849123844,3.234150215157905
GLM_grid_1_model_1,42,TSS,23,0.11532030447812638,3.219486971144793
GLM_grid_1_model_1,43,TSS,19.7,-0.36856674795459354,2.735599918712073
GLM_grid_1_model_1,44,TSS,22.7,0.07133057243878844,3.175497239105455
GLM_grid_1_model_1,45,TSS,21.3,-0.13395484374478972,2.970211822921877
GLM_grid_1_model_1,46,TSS,22.7,0.07133057243878838,3.175497239105455
GLM_grid_1_model_1,47,TSS,22.1,-0.01664889163988781,3.087517775026779
GLM_grid_1_model_1,48,TSS,22.2,-0.0019856476267759438,3.1021810190398904
XGBoost_3,1,Anth,299,-0.8204500938041338,2.271426986695992
XGBoost_3,2,Anth,544,-0.8114734632480471,2.2804036172520785
XGBoost_3,3,Anth,522,-0.8559916606172919,2.235885419882834
XGBoost_3,4,Anth,478,-0.762187721207738,2.329689359292388
XGBoost_3,5,Anth,588,-0.5566942760099967,2.5351828044901294
XGBoost_3,6,Anth,677,-0.28019679824097343,2.8116802822591525
XGBoost_3,7,Anth,639,-0.4749497532223662,2.6169273272777596
XGBoost_3,8,Anth,494,-0.7990312761523659,2.2928458043477598
XGBoost_3,9,Anth,609,-0.4805188312505678,2.611358249249558
XGBoost_3,10,Anth,565,-0.6771098095923669,2.4147672709077588
XGBoost_3,11,Anth,655,-0.42467738801820387,2.667199692481922
XGBoost_3,12,Anth,861,0.6375701804127962,3.729447260912922
XGBoost_3,13,Anth,642,-0.4652413839681278,2.626635696531998
XGBoost_3,14,Anth,436,-0.867198648759061,2.224678431741065
XGBoost_3,15,Anth,576,-0.6757249554826152,2.4161521250175104
XGBoost_3,16,Anth,506,-0.731388605406715,2.360488475093411
XGBoost_3,17,Anth,749,-0.23104090595410942,2.8608361745460167
XGBoost_3,18,Anth,571,-0.6993374707591204,2.3925396097410054
XGBoost_3,19,Anth,761,-0.21907846764143943,2.8727986128586864
XGBoost_3,20,Anth,499,-0.8901537029693523,2.2017233775307736
XGBoost_3,21,Anth,754,-0.20254433579329,2.8893327447068358
XGBoost_3,22,Anth,725,-0.22852880880236598,2.86334827169776
XGBoost_3,23,Anth,833,0.5892342610491642,3.68111134154929
XGBoost_3,24,Anth,830,0.5508503838338774,3.642727464334003
XGBoost_3,25,Anth,933,0.9131775146557229,4.0050545951558485
XGBoost_3,26,Anth,613,-0.5007183154424035,2.591158765057722
XGBoost_3,27,Anth,548,-0.7737474323560797,2.3181296481440463
XGBoost_3,28,Anth,765,-0.1586019318136903,2.9332751486864357
XGBoost_3,29,Anth,683,-0.3734320360753265,2.7184450444247994
XGBoost_3,30,Anth,922,0.8913731379434464,3.9832502184435725
XGBoost_3,31,Anth,763,-0.1799332400163023,2.911943840483824
XGBoost_3,32,Anth,518,-0.863424594824513,2.228452485675613
XGBoost_3,33,Anth,656,-0.3938064878392551,2.698070592660871
XGBoost_3,34,Anth,644,-0.41749256476759855,2.6743845157325272
XGBoost_3,35,Anth,758,-0.21216850220743122,2.8797085782926946
XGBoost_3,36,Anth,877,0.6677311632989185,3.759608243799044
XGBoost_3,37,Anth,901,0.634605455833177,3.726482536333303
XGBoost_3,38,Anth,480,-0.8472636619375811,2.244613418562545
XGBoost_3,39,Anth,793,-0.13742443184471792,2.954452648655408
XGBoost_3,40,Anth,718,-0.2288962622276609,2.862980818272465
XGBoost_3,41,Anth,784,-0.23459638665533705,2.857280693844789
XGBoost_3,42,Anth,765,-0.23781872137139298,2.8540583591287327
XGBoost_3,43,Anth,481,-0.8648767887304225,2.2270002917697034
XGBoost_3,44,Anth,655,-0.4331715181469929,2.658705562353133
XGBoost_3,45,Anth,469,-0.782533175415463,2.309343905084663
XGBoost_3,46,Anth,585,-0.574561747204926,2.5173153332952
XGBoost_3,47,Anth,684,-0.3328892368202407,2.7589878436798854
XGBoost_3,48,Anth,497,-0.811686058735682,2.280191021764444
XGBoost_3,1,BW,1.99,-0.05621940683987425,3.0356576736602516
XGBoost_3,2,BW,1.88,-0.0837505247650876,3.0081265557350383
XGBoost_3,3,BW,1.93,-0.04149363448636456,3.050383446013761
XGBoost_3,4,BW,2.11,-0.5489026533646717,2.542974427135454
XGBoost_3,5,BW,2.01,-0.465103472686476,2.62677360781365
XGBoost_3,6,BW,1.98,-0.04450074117630706,3.0473763393238187
XGBoost_3,7,BW,1.73,0.05648181639197791,3.1483588968921037
XGBoost_3,8,BW,1.75,0.05353960984696937,3.145416690347095
XGBoost_3,9,BW,1.67,0.0514677143138314,3.1433447948139572
XGBoost_3,10,BW,2.06,-0.7491859748131696,2.3426911056869564
XGBoost_3,11,BW,1.85,0.025178471890588694,3.1170555523907146
XGBoost_3,12,BW,2.03,-0.4420782689832986,2.649798811516827
XGBoost_3,13,BW,2.01,-0.4175195654647222,2.6743575150354038
XGBoost_3,14,BW,1.99,-0.047613682846228134,3.0442633976538978
XGBoost_3,15,BW,2.1,-0.7564871898955772,2.3353898906045485
XGBoost_3,16,BW,2.11,-0.7487804692031607,2.343096611296965
XGBoost_3,17,BW,1.9,-0.07852626260783879,3.013350817892287
XGBoost_3,18,BW,2.02,-0.48495455179363484,2.606922528706491
XGBoost_3,19,BW,1.52,0.4178686211299562,3.509745701630082
XGBoost_3,20,BW,1.73,0.03247001767158508,3.124347098171711
XGBoost_3,21,BW,1.48,0.36844830308109533,3.460325383581221
XGBoost_3,22,BW,1.89,-0.05929709888166934,3.0325799816184564
XGBoost_3,23,BW,1.73,0.03512020864420551,3.1269972891443314
XGBoost_3,24,BW,1.92,-0.02386903110891636,3.0680080493912096
XGBoost_3,25,BW,1.6,0.44876344522668243,3.5406405257268085
XGBoost_3,26,BW,1.73,0.04671309205392982,3.1385901725540557
XGBoost_3,27,BW,1.77,0.12657589423987503,3.218452974740001
XGBoost_3,28,BW,1.75,0.0658419746905563,3.1577190551906824
XGBoost_3,29,BW,1.84,-0.03493020724919149,3.0569468732509346
XGBoost_3,30,BW,1.97,-0.006188157842390685,3.0856889226577353
XGBoost_3,31,BW,1.67,0.0655293406711685,3.157406421171294
XGBoost_3,32,BW,1.93,-0.016626698275407747,3.075250382224718
XGBoost_3,33,BW,1.87,0.025852816696795955,3.117729897196922
XGBoost_3,34,BW,1.82,0.14032418487800513,3.232201265378131
XGBoost_3,35,BW,1.89,-0.03896142138789138,3.0529156591122346
XGBoost_3,36,BW,1.95,0.03490796654174788,3.126785047041874
XGBoost_3,37,BW,1.71,0.03971022295041171,3.1315873034505377
XGBoost_3,38,BW,1.69,0.055658819774786705,3.147535900274913
XGBoost_3,39,BW,1.73,0.040916621788508106,3.132793702288634
XGBoost_3,40,BW,1.95,-0.012179101403389236,3.0796979790967365
XGBoost_3,41,BW,2.01,-0.5200664099926753,2.5718106705074506
XGBoost_3,42,BW,2.28,-0.9286052923028667,2.1632717881972594
XGBoost_3,43,BW,1.8,0.06454946825073815,3.156426548750864
XGBoost_3,44,BW,1.83,0.10899544941882278,3.2008725299189487
XGBoost_3,45,BW,2.12,-0.5237692687660458,2.5681078117340803
XGBoost_3,46,BW,2.02,-0.4820990405148936,2.6097780399852324
XGBoost_3,47,BW,2.21,-0.8658626194422439,2.226014461057882
XGBoost_3,48,BW,2.23,-0.9255692407281861,2.1663078397719397
XGBoost_3,1,TA,6.45,-0.011993783008721559,3.0798832974914045
XGBoost_3,2,TA,6,-0.09398500942107713,2.9978920710790486
XGBoost_3,3,TA,6.3,-0.048882972966465155,3.042994107533661
XGBoost_3,4,TA,6.6,0.09461814185811385,3.1864952223582397
XGBoost_3,5,TA,6.3,-0.04609458044999226,3.0457825000501337
XGBoost_3,6,TA,6.9,0.2847371671555776,3.3766142476557035
XGBoost_3,7,TA,6.45,-0.02323828751428242,3.0686387929858436
XGBoost_3,8,TA,6.6,0.1427171984687446,3.2345942789688706
XGBoost_3,9,TA,6.53,-0.01347388358165838,3.0784031969184675
XGBoost_3,10,TA,7.2,0.3629037040389251,3.454780784539051
XGBoost_3,11,TA,6.6,0.12619636983921115,3.218073450339337
XGBoost_3,12,TA,6.75,0.18513495847582817,3.277012038975954
XGBoost_3,13,TA,5.85,-0.17390468778709608,2.91797239271303
XGBoost_3,14,TA,5.7,-0.2163096333129536,2.8755674471871724
XGBoost_3,15,TA,6.75,0.2395928270286991,3.3314699075288248
XGBoost_3,16,TA,7.28,0.39711060116274555,3.4889876816628713
XGBoost_3,17,TA,6.6,0.13455543956822796,3.2264325200683537
XGBoost_3,18,TA,6.6,0.14316196129139913,3.235039041791525
XGBoost_3,19,TA,5.55,-0.18364246468991022,2.9082346158102155
XGBoost_3,20,TA,5.55,-0.18233173092206323,2.9095453495780625
XGBoost_3,21,TA,6,-0.07846433576196432,3.0134127447381616
XGBoost_3,22,TA,5.25,-0.1694951392710212,2.9223819412291046
XGBoost_3,23,TA,5.63,-0.12382592260837594,2.96805115789175
XGBoost_3,24,TA,6.75,0.22845878545194942,3.3203358659520754
XGBoost_3,25,TA,6.15,-0.06987266739209463,3.0220044131080313
XGBoost_3,26,TA,5.48,-0.16086975526478564,2.93100732523534
XGBoost_3,27,TA,6.75,0.28284509956008946,3.3747221800602154
XGBoost_3,28,TA,6.6,0.15318142477836885,3.245058505278495
XGBoost_3,29,TA,6.45,-0.06829620856377866,3.023580871936347
XGBoost_3,30,TA,6.15,-0.0437515418355664,3.0481255386645594
XGBoost_3,31,TA,5.7,-0.17049995457960465,2.9213771259205212
XGBoost_3,32,TA,5.7,-0.18825031071901294,2.903626769781113
XGBoost_3,33,TA,6.15,-0.07044810667220022,3.0214289738279256
XGBoost_3,34,TA,7.13,0.42371253420909205,3.515589614709218
XGBoost_3,35,TA,5.85,-0.16055335652911001,2.931323723971016
XGBoost_3,36,TA,6.3,0.014569680827358544,3.1064467613274847
XGBoost_3,37,TA,4.8,-0.38929709264387746,2.7025799878562484
XGBoost_3,38,TA,6,-0.11085149956246243,2.9810255809376636
XGBoost_3,39,TA,6.23,-0.05570965870800926,3.0361674217921166
XGBoost_3,40,TA,5.25,-0.16730754191262862,2.9245695385874972
XGBoost_3,41,TA,5.85,-0.17268823366612251,2.9191888468340035
XGBoost_3,42,TA,5.78,-0.15363723898513487,2.938239841514991
XGBoost_3,43,TA,6.3,-0.07507409072584592,3.01680298977428
XGBoost_3,44,TA,6.08,-0.07442379701468613,3.0174532834854397
XGBoost_3,45,TA,5.7,-0.13373288181092974,2.958144198689196
XGBoost_3,46,TA,5.55,-0.13683803462319932,2.9550390458769265
XGBoost_3,47,TA,5.85,-0.15432059278504742,2.9375564877150784
XGBoost_3,48,TA,6.3,-0.12738712494158055,2.9644899555585456
XGBoost_3,1,TSS,18.4,-0.5793175556593471,2.512559524840779
XGBoost_3,2,TSS,19.2,-0.5923116568269003,2.4995654236732254
XGBoost_3,3,TSS,20.1,-0.5086276993776361,2.58324938112249
XGBoost_3,4,TSS,19.7,-0.3602415453642601,2.7316355351358657
XGBoost_3,5,TSS,21,-0.07496067012349739,3.0169164103766284
XGBoost_3,6,TSS,21.1,-0.04342566896229996,3.048451411537826
XGBoost_3,7,TSS,20.6,-0.4676504665985704,2.6242266139015555
XGBoost_3,8,TSS,21.3,-0.0434255706560277,3.048451509844098
XGBoost_3,9,TSS,21.6,0.086790793782307,3.178667874282433
XGBoost_3,10,TSS,21.8,0.19300681352615348,3.2848838940262794
XGBoost_3,11,TSS,22.2,0.11140741273346859,3.2032844932335944
XGBoost_3,12,TSS,21.5,0.08682746667828856,3.1787045471784143
XGBoost_3,13,TSS,21.8,0.19497692647079676,3.2868540069709224
XGBoost_3,14,TSS,19.9,-0.5052735863460431,2.5866034941540827
XGBoost_3,15,TSS,22.1,0.10411729125512914,3.195994371755255
XGBoost_3,16,TSS,22.1,0.11138679532127177,3.203263875821398
XGBoost_3,17,TSS,22.4,0.07399725644952698,3.1658743369496527
XGBoost_3,18,TSS,21.9,0.16790880542248515,3.259785885922611
XGBoost_3,19,TSS,22.4,0.09390129614621384,3.18577837664634
XGBoost_3,20,TSS,20.9,-0.32302059791982185,2.768856482580304
XGBoost_3,21,TSS,20.6,-0.4828874594014552,2.6089896210986705
XGBoost_3,22,TSS,23.2,0.08963825470871481,3.1815153352088408
XGBoost_3,23,TSS,22.9,0.11738603272371817,3.209263113223844
XGBoost_3,24,TSS,21.6,0.15781497965670388,3.2496920601568298
XGBoost_3,25,TSS,22.8,0.16310319573514936,3.2549802762352753
XGBoost_3,26,TSS,20.4,-0.4541699466192054,2.6377071338809204
XGBoost_3,27,TSS,20.5,-0.4990197581549482,2.5928573223451776
XGBoost_3,28,TSS,19.9,-0.4560419105821185,2.6358351699180074
XGBoost_3,29,TSS,20.3,-0.5360164534714484,2.5558606270286774
XGBoost_3,30,TSS,21.1,-0.06992674877660154,3.0219503317235246
XGBoost_3,31,TSS,21.5,0.08624481389092113,3.178121894391047
XGBoost_3,32,TSS,21.2,-0.019670657192666974,3.072206423307459
XGBoost_3,33,TSS,21.6,0.12055419064644267,3.2124312711465683
XGBoost_3,34,TSS,21.4,0.057657923963334495,3.1495350044634605
XGBoost_3,35,TSS,21.9,0.1651216560146876,3.2569987365148134
XGBoost_3,36,TSS,21.4,0.10316653497931016,3.195043615479436
XGBoost_3,37,TSS,24.8,0.10156130738970393,3.19343838788983
XGBoost_3,38,TSS,20,-0.4760507732215854,2.6158263072785406
XGBoost_3,39,TSS,22.2,0.07539127632561662,3.1672683568257427
XGBoost_3,40,TSS,22.8,0.09388605308615543,3.1857631335862813
XGBoost_3,41,TSS,23.1,0.05513041725175316,3.147007497751879
XGBoost_3,42,TSS,23,0.031823941713406884,3.123701022213533
XGBoost_3,43,TSS,19.7,-0.4889640249311924,2.6029130555689335
XGBoost_3,44,TSS,22.7,0.13047495008342863,3.2223520305835547
XGBoost_3,45,TSS,21.3,0.023252849984500112,3.115129930484626
XGBoost_3,46,TSS,22.7,0.06941937882867186,3.1612964593287978
XGBoost_3,47,TSS,22.1,0.09341186978336805,3.185288950283494
XGBoost_3,48,TSS,22.2,0.00655812573515685,3.098435206235283
XGBoost_grid_1_model_9,1,Anth,299,-0.9167240381551287,2.16743864165619
XGBoost_grid_1_model_9,2,Anth,544,-0.8185448961125482,2.2656177836987705
XGBoost_grid_1_model_9,3,Anth,522,-0.8694897405803206,2.214672939230998
XGBoost_grid_1_model_9,4,Anth,478,-0.7792656506515213,2.3048970291597977
XGBoost_grid_1_model_9,5,Anth,588,-0.6202713976510696,2.463891282160249
XGBoost_grid_1_model_9,6,Anth,677,-0.315818424957494,2.768344254853825
XGBoost_grid_1_model_9,7,Anth,639,-0.5212743688995642,2.5628883109117546
XGBoost_grid_1_model_9,8,Anth,494,-0.8809661959401444,2.2031964838711744
XGBoost_grid_1_model_9,9,Anth,609,-0.5119735110137202,2.572189168797599
XGBoost_grid_1_model_9,10,Anth,565,-0.6849390488738816,2.3992236309374375
XGBoost_grid_1_model_9,11,Anth,655,-0.40335678153981797,2.680805898271501
XGBoost_grid_1_model_9,12,Anth,861,0.7274287023271124,3.811591382138431
XGBoost_grid_1_model_9,13,Anth,642,-0.5175425407166283,2.5666201390946908
XGBoost_grid_1_model_9,14,Anth,436,-0.890486110208763,2.1936765696025557
XGBoost_grid_1_model_9,15,Anth,576,-0.6943829872955881,2.389779692515731
XGBoost_grid_1_model_9,16,Anth,506,-0.7887957512090603,2.2953669286022587
XGBoost_grid_1_model_9,17,Anth,749,-0.2340316492029363,2.8501310306083827
XGBoost_grid_1_model_9,18,Anth,571,-0.7281564693484044,2.3560062104629145
XGBoost_grid_1_model_9,19,Anth,761,-0.14394004860271992,2.940222631208599
XGBoost_grid_1_model_9,20,Anth,499,-0.9408669087828858,2.1432957710284333
XGBoost_grid_1_model_9,21,Anth,754,-0.17295372558550703,2.911208954225812
XGBoost_grid_1_model_9,22,Anth,725,-0.20429945809559757,2.879863221715721
XGBoost_grid_1_model_9,23,Anth,833,0.5278967874538569,3.612059467265176
XGBoost_grid_1_model_9,24,Anth,830,0.4839483211851785,3.568111000996497
XGBoost_grid_1_model_9,25,Anth,933,0.9415928434787524,4.025755523290071
XGBoost_grid_1_model_9,26,Anth,613,-0.5039674104708762,2.5801952693404426
XGBoost_grid_1_model_9,27,Anth,548,-0.8017013978420034,2.2824612819693155
XGBoost_grid_1_model_9,28,Anth,765,-0.11071419105347702,2.9734484887578416
XGBoost_grid_1_model_9,29,Anth,683,-0.3342279071609181,2.7499347726504006
XGBoost_grid_1_model_9,30,Anth,922,1.0004296119635308,4.084592291774849
XGBoost_grid_1_model_9,31,Anth,763,-0.13573278869605715,2.9484298911152615
XGBoost_grid_1_model_9,32,Anth,518,-0.9631253749959996,2.121037304815319
XGBoost_grid_1_model_9,33,Anth,656,-0.4331279243859985,2.65103475542532
XGBoost_grid_1_model_9,34,Anth,644,-0.41951687478770805,2.6646458050236106
XGBoost_grid_1_model_9,35,Anth,758,-0.17586233187466882,2.90830034793665
XGBoost_grid_1_model_9,36,Anth,877,0.7740134709618162,3.858176150773135
XGBoost_grid_1_model_9,37,Anth,901,0.6993388909225662,3.7835015707338853
XGBoost_grid_1_model_9,38,Anth,480,-0.8607262977295449,2.2234363820817737
XGBoost_grid_1_model_9,39,Anth,793,-0.12372339423745879,2.96043928557386
XGBoost_grid_1_model_9,40,Anth,718,-0.2083732969024112,2.875789382908908
XGBoost_grid_1_model_9,41,Anth,784,-0.17042777325130273,2.913734906560016
XGBoost_grid_1_model_9,42,Anth,765,-0.2105173942012096,2.873645285610109
XGBoost_grid_1_model_9,43,Anth,481,-0.8930142009630802,2.1911484788482385
XGBoost_grid_1_model_9,44,Anth,655,-0.41940689945800463,2.6647557803533144
XGBoost_grid_1_model_9,45,Anth,469,-0.9112832804934845,2.1728793993178344
XGBoost_grid_1_model_9,46,Anth,585,-0.61359035430683,2.470572325504489
XGBoost_grid_1_model_9,47,Anth,684,-0.36888057381535577,2.7152821059959633
XGBoost_grid_1_model_9,48,Anth,497,-0.8249982063037657,2.2591644735075533
XGBoost_grid_1_model_9,1,BW,1.99,-0.07303310873814794,3.011129571073171
XGBoost_grid_1_model_9,2,BW,1.88,-0.046900271334582744,3.037262408476736
XGBoost_grid_1_model_9,3,BW,1.93,-0.05817327938146022,3.0259894004298586
XGBoost_grid_1_model_9,4,BW,2.11,-0.46918951202597925,2.6149731677853394
XGBoost_grid_1_model_9,5,BW,2.01,-0.2993495270816816,2.784813152729637
XGBoost_grid_1_model_9,6,BW,1.98,-0.05817620363086462,3.0259864761804542
XGBoost_grid_1_model_9,7,BW,1.73,0.07157163394408061,3.1557343137553993
XGBoost_grid_1_model_9,8,BW,1.75,0.034633454452786316,3.1187961342641053
XGBoost_grid_1_model_9,9,BW,1.67,0.09109710922671677,3.1752597890380354
XGBoost_grid_1_model_9,10,BW,2.06,-0.7136778381342688,2.37048484167705
XGBoost_grid_1_model_9,11,BW,1.85,0.07610498461872373,3.1602676644300427
XGBoost_grid_1_model_9,12,BW,2.03,-0.3359790948323068,2.748183584979012
XGBoost_grid_1_model_9,13,BW,2.01,-0.38205375843164013,2.7021089213796787
XGBoost_grid_1_model_9,14,BW,1.99,-0.09023039518959064,2.993932284621728
XGBoost_grid_1_model_9,15,BW,2.1,-0.7816409837040639,2.302521696107255
XGBoost_grid_1_model_9,16,BW,2.11,-0.7367334185789031,2.3474292612324157
XGBoost_grid_1_model_9,17,BW,1.9,-0.07186499455322759,3.0122976852580914
XGBoost_grid_1_model_9,18,BW,2.02,-0.49161505906118275,2.5925476207501363
XGBoost_grid_1_model_9,19,BW,1.52,0.40877449233084917,3.492937172142168
XGBoost_grid_1_model_9,20,BW,1.73,0.06487522201819518,3.149037901829514
XGBoost_grid_1_model_9,21,BW,1.48,0.3156072345251839,3.3997699143365026
XGBoost_grid_1_model_9,22,BW,1.89,-0.0917682071319881,2.992394472679331
XGBoost_grid_1_model_9,23,BW,1.73,0.04803387975941131,3.13219655957073
XGBoost_grid_1_model_9,24,BW,1.92,-0.037649390805099214,3.04651328900622
XGBoost_grid_1_model_9,25,BW,1.6,0.42003365430153083,3.5041963341128497
XGBoost_grid_1_model_9,26,BW,1.73,0.09028862820317274,3.1744513080144916
XGBoost_grid_1_model_9,27,BW,1.77,0.0777823416930099,3.1619450215043288
XGBoost_grid_1_model_9,28,BW,1.75,0.06948258344911884,3.1536452632604375
XGBoost_grid_1_model_9,29,BW,1.84,0.07736347450150372,3.1615261543128224
XGBoost_grid_1_model_9,30,BW,1.97,-0.030013481672439557,3.0541491981388793
XGBoost_grid_1_model_9,31,BW,1.67,0.09082185942679666,3.1749845392381157
XGBoost_grid_1_model_9,32,BW,1.93,-0.052676467224956,3.031486212586363
XGBoost_grid_1_model_9,33,BW,1.87,0.048535644801126265,3.132698324612445
XGBoost_grid_1_model_9,34,BW,1.82,0.11584502158479604,3.200007701396115
XGBoost_grid_1_model_9,35,BW,1.89,-0.07440093418376298,3.009761745627556
XGBoost_grid_1_model_9,36,BW,1.95,-0.01128344289544625,3.0728792369158726
XGBoost_grid_1_model_9,37,BW,1.71,0.025804308450055602,3.1099669882613745
XGBoost_grid_1_model_9,38,BW,1.69,0.0911366608407751,3.175299340652094
XGBoost_grid_1_model_9,39,BW,1.73,0.08369319027082749,3.167855870082146
XGBoost_grid_1_model_9,40,BW,1.95,-0.0685808386446709,3.015581841166648
XGBoost_grid_1_model_9,41,BW,2.01,-0.3571556170160568,2.727007062795262
XGBoost_grid_1_model_9,42,BW,2.28,-0.8938714826169112,2.1902911971944077
XGBoost_grid_1_model_9,43,BW,1.8,0.0655409930687807,3.1497036728801
XGBoost_grid_1_model_9,44,BW,1.83,0.0690925265144966,3.1532552063258157
XGBoost_grid_1_model_9,45,BW,2.12,-0.5072715023739471,2.5768911774373717
XGBoost_grid_1_model_9,46,BW,2.02,-0.44617332042091495,2.637989359390404
XGBoost_grid_1_model_9,47,BW,2.21,-0.8728671147901982,2.211295565021121
XGBoost_grid_1_model_9,48,BW,2.23,-0.814007197558466,2.2701554822528527
XGBoost_grid_1_model_9,1,TA,6.45,-0.01133091959895327,3.072831760212366
XGBoost_grid_1_model_9,2,TA,6,-0.13652418678005496,2.947638493031264
XGBoost_grid_1_model_9,3,TA,6.3,-0.017841323175364132,3.066321356635955
XGBoost_grid_1_model_9,4,TA,6.6,0.074077818956640007,3.1582404987679586
XGBoost_grid_1_model_9,5,TA,6.3,-0.01699915062636148,3.0671635291849575
XGBoost_grid_1_model_9,6,TA,6.9,0.33475524259524236,3.4189179224065613
XGBoost_grid_1_model_9,7,TA,6.45,-0.04954447276476315,3.034618207046556
XGBoost_grid_1_model_9,8,TA,6.6,0.11088638928615374,3.1950490690974727
XGBoost_grid_1_model_9,9,TA,6.53,-0.04505393281578979,3.039108746995529
XGBoost_grid_1_model_9,10,TA,7.2,0.3349706192190447,3.4191332990303636
XGBoost_grid_1_model_9,11,TA,6.6,0.10134312169005472,3.1855058015013737
XGBoost_grid_1_model_9,12,TA,6.75,0.21642952195058257,3.3005922017619014
XGBoost_grid_1_model_9,13,TA,5.85,-0.18321669712248745,2.9009459826888313
XGBoost_grid_1_model_9,14,TA,5.7,-0.13503676694300415,2.9491259128683147
XGBoost_grid_1_model_9,15,TA,6.75,0.25384562793705223,3.338008307748371
XGBoost_grid_1_model_9,16,TA,7.28,0.3751886691898111,3.45935134900113
XGBoost_grid_1_model_9,17,TA,6.6,0.08013301166809254,3.1642956914794116
XGBoost_grid_1_model_9,18,TA,6.6,0.10094638665517158,3.1851090664664903
XGBoost_grid_1_model_9,19,TA,5.55,-0.12439857785486513,2.959764101956454
XGBoost_grid_1_model_9,20,TA,5.55,-0.146812554966244,2.937350124845075
XGBoost_grid_1_model_9,21,TA,6,-0.10975454551064312,2.974408134300676
XGBoost_grid_1_model_9,22,TA,5.25,-0.13841331905374918,2.9457493607575698
XGBoost_grid_1_model_9,23,TA,5.63,-0.07817508725242531,3.0059875925588937
XGBoost_grid_1_model_9,24,TA,6.75,0.22553810870481855,3.3097007885161376
XGBoost_grid_1_model_9,25,TA,6.15,-0.06327066912005408,3.0208920106912647
XGBoost_grid_1_model_9,26,TA,5.48,-0.12595327560686342,2.9582094042044553
XGBoost_grid_1_model_9,27,TA,6.75,0.20757548749033017,3.291738167301649
XGBoost_grid_1_model_9,28,TA,6.6,0.02539980690926308,3.109562486720582
XGBoost_grid_1_model_9,29,TA,6.45,-0.034744068773256864,3.049418611038062
XGBoost_grid_1_model_9,30,TA,6.15,-0.06687758645663644,3.0172850933546824
XGBoost_grid_1_model_9,31,TA,5.7,-0.10343181538499033,2.9807308644263286
XGBoost_grid_1_model_9,32,TA,5.7,-0.17039595295985555,2.9137667268514633
XGBoost_grid_1_model_9,33,TA,6.15,-0.09123041253122985,2.992932267280089
XGBoost_grid_1_model_9,34,TA,7.13,0.42455469268477597,3.5087173724960947
XGBoost_grid_1_model_9,35,TA,5.85,-0.1678203243969217,2.9163423554143972
XGBoost_grid_1_model_9,36,TA,6.3,0.07379790840463596,3.1579605882159547
XGBoost_grid_1_model_9,37,TA,4.8,-0.5023376013462741,2.5818250784650445
XGBoost_grid_1_model_9,38,TA,6,-0.10094170334438435,2.9832209764669346
XGBoost_grid_1_model_9,39,TA,6.23,-0.08939455149488262,2.9947681283164362
XGBoost_grid_1_model_9,40,TA,5.25,-0.13038196197400526,2.9537807178373137
XGBoost_grid_1_model_9,41,TA,5.85,-0.14679605462070971,2.937366625190609
XGBoost_grid_1_model_9,42,TA,5.78,-0.12267652976637078,2.961486150044948
XGBoost_grid_1_model_9,43,TA,6.3,-0.0454084520331689,3.03875422777815
XGBoost_grid_1_model_9,44,TA,6.08,-0.10622100025001466,2.977941679561304
XGBoost_grid_1_model_9,45,TA,5.7,-0.14656082313093882,2.93760185668038
XGBoost_grid_1_model_9,46,TA,5.55,-0.13472448993060304,2.949438189880716
XGBoost_grid_1_model_9,47,TA,5.85,-0.16599730314272948,2.9181653766685893
XGBoost_grid_1_model_9,48,TA,6.3,-0.05211062455135884,3.03205205525996
XGBoost_grid_1_model_9,1,TSS,18.4,-0.7508249719006318,2.333337707910687
XGBoost_grid_1_model_9,2,TSS,19.2,-0.5506032214810447,2.533559458330274
XGBoost_grid_1_model_9,3,TSS,20.1,-0.49133246329923497,2.592830216512084
XGBoost_grid_1_model_9,4,TSS,19.7,-0.37879378183020435,2.7053688979811144
XGBoost_grid_1_model_9,5,TSS,21,-0.10698402786834382,2.977178651942975
XGBoost_grid_1_model_9,6,TSS,21.1,-0.08151792310592235,3.0026447567053967
XGBoost_grid_1_model_9,7,TSS,20.6,-0.4709859619744949,2.613176717836824
XGBoost_grid_1_model_9,8,TSS,21.3,-0.11167390054712628,2.9724887792641925
XGBoost_grid_1_model_9,9,TSS,21.6,9.557250887155533e-4,3.0851184049000344
XGBoost_grid_1_model_9,10,TSS,21.8,0.1490104033922155,3.2331730832035346
XGBoost_grid_1_model_9,11,TSS,22.2,0.13630981339762593,3.220472493208945
XGBoost_grid_1_model_9,12,TSS,21.5,0.04344851285633006,3.127611192667649
XGBoost_grid_1_model_9,13,TSS,21.8,0.16139364646126808,3.245556326272587
XGBoost_grid_1_model_9,14,TSS,19.9,-0.4473281982872218,2.636834481524097
XGBoost_grid_1_model_9,15,TSS,22.1,0.07666209898889073,3.1608247788002095
XGBoost_grid_1_model_9,16,TSS,22.1,0.08410308323800528,3.168265763049324
XGBoost_grid_1_model_9,17,TSS,22.4,0.14325939191298293,3.227422071724302
XGBoost_grid_1_model_9,18,TSS,21.9,0.11914036340183698,3.2033030432131557
XGBoost_grid_1_model_9,19,TSS,22.4,0.156176190719836,3.2403388705311547
XGBoost_grid_1_model_9,20,TSS,20.9,-0.24081872517450043,2.8433439546368184
XGBoost_grid_1_model_9,21,TSS,20.6,-0.5221379085754356,2.5620247712358832
XGBoost_grid_1_model_9,22,TSS,23.2,0.12656842844767713,3.210731108258996
XGBoost_grid_1_model_9,23,TSS,22.9,0.16167853244890756,3.2458412122602263
XGBoost_grid_1_model_9,24,TSS,21.6,0.06220134616725981,3.1463640259785786
XGBoost_grid_1_model_9,25,TSS,22.8,0.22469498869031723,3.308857668501636
XGBoost_grid_1_model_9,26,TSS,20.4,-0.45296429770274316,2.631198382108576
XGBoost_grid_1_model_9,27,TSS,20.5,-0.5353548453292913,2.5488078344820275
XGBoost_grid_1_model_9,28,TSS,19.9,-0.4779504488946661,2.6062122309166527
XGBoost_grid_1_model_9,29,TSS,20.3,-0.5095143701053322,2.574648309705987
XGBoost_grid_1_model_9,30,TSS,21.1,-0.0472469790321261,3.036915700779193
XGBoost_grid_1_model_9,31,TSS,21.5,-0.011971782996423527,3.072190896814895
XGBoost_grid_1_model_9,32,TSS,21.2,-0.09188084780342043,2.9922818320078983
XGBoost_grid_1_model_9,33,TSS,21.6,0.01916555315256155,3.1033282329638805
XGBoost_grid_1_model_9,34,TSS,21.4,-0.008587418020599813,3.075575261790719
XGBoost_grid_1_model_9,35,TSS,21.9,0.16340370445201804,3.247566384263337
XGBoost_grid_1_model_9,36,TSS,21.4,0.05917827257265573,3.1433409523839746
XGBoost_grid_1_model_9,37,TSS,24.8,0.08354299650010205,3.167705676311421
XGBoost_grid_1_model_9,38,TSS,20,-0.4440173583312166,2.6401453214801025
XGBoost_grid_1_model_9,39,TSS,22.2,0.10304353355119604,3.187206213362515
XGBoost_grid_1_model_9,40,TSS,22.8,0.1346231838688261,3.2187858636801447
XGBoost_grid_1_model_9,41,TSS,23.1,0.12262381044113028,3.206786490252449
XGBoost_grid_1_model_9,42,TSS,23,0.10417854273691787,3.1883412225482366
XGBoost_grid_1_model_9,43,TSS,19.7,-0.47133763475964396,2.612825045051675
XGBoost_grid_1_model_9,44,TSS,22.7,0.14722639974206708,3.231389079553386
XGBoost_grid_1_model_9,45,TSS,21.3,-7.449907975065062e-4,3.0834176890138125
XGBoost_grid_1_model_9,46,TSS,22.7,0.12609258232017365,3.2102552621314926
XGBoost_grid_1_model_9,47,TSS,22.1,0.058487316438307346,3.1426499962496264
XGBoost_grid_1_model_9,48,TSS,22.2,0.013392414535499275,3.097555094346818
XRT_1,1,Anth,299,-0.4818163029731267,2.627434689279586
XRT_1,2,Anth,544,-0.5079075728143971,2.6013434194383156
XRT_1,3,Anth,522,-0.5009259259889998,2.608325066263713
XRT_1,4,Anth,478,-0.4972676918620159,2.6119833003906967
XRT_1,5,Anth,588,-0.4552662037667774,2.6539847884859356
XRT_1,6,Anth,677,-0.2966063162400616,2.812644676012651
XRT_1,7,Anth,639,-0.3246982474175713,2.7845527448351413
XRT_1,8,Anth,494,-0.5159763559226012,2.5932746363301113
XRT_1,9,Anth,609,-0.3411003638591093,2.7681506283936033
XRT_1,10,Anth,565,-0.5078786376686327,2.60137235458408
XRT_1,11,Anth,655,-0.3619088956051396,2.7473420966475732
XRT_1,12,Anth,861,0.46252893526402844,3.571779927516741
XRT_1,13,Anth,642,-0.4122313162400606,2.697019676012652
XRT_1,14,Anth,436,-0.5108672291276954,2.5983837631250175
XRT_1,15,Anth,576,-0.5332878638591092,2.5759631283936035
XRT_1,16,Anth,506,-0.561908895605141,2.5473420966475717
XRT_1,17,Anth,749,-0.20851107814482286,2.90073991410789
XRT_1,18,Anth,571,-0.5361896495733942,2.5730613426793187
XRT_1,19,Anth,761,-0.15417493472969732,2.9550760575230153
XRT_1,20,Anth,499,-0.5416708005562666,2.5675801916964462
XRT_1,21,Anth,754,-0.06439318789376253,3.04485780435895
XRT_1,22,Anth,725,-0.21017278449402943,2.8990782077586834
XRT_1,23,Anth,833,0.3721271508979424,3.481378143150655
XRT_1,24,Anth,830,0.432841435264028,3.542092427516741
XRT_1,25,Anth,933,0.7017402447878361,3.810991237040549
XRT_1,26,Anth,613,-0.35500578710011144,2.754245205152601
XRT_1,27,Anth,548,-0.4536416997985232,2.6556092924541894
XRT_1,28,Anth,765,-0.0796337632905876,3.0296172289621253
XRT_1,29,Anth,683,-0.29094328710011064,2.818307705152602
XRT_1,30,Anth,922,0.6426256614545033,3.751876653707216
XRT_1,31,Anth,763,-0.07758763314239589,3.031663359110317
XRT_1,32,Anth,518,-0.5503182879043005,2.558932704348412
XRT_1,33,Anth,656,-0.3539723876686329,2.75527860458408
XRT_1,34,Anth,644,-0.2948082011606963,2.8144427910920164
XRT_1,35,Anth,758,-0.1474991733829188,2.9617518188697938
XRT_1,36,Anth,877,0.4835854828830761,3.5928364751357886
XRT_1,37,Anth,901,0.4649966932005348,3.5742476854532477
XRT_1,38,Anth,480,-0.48944279106836563,2.6198082011843473
XRT_1,39,Anth,793,-0.07323082020831437,3.0360201720443984
XRT_1,40,Anth,718,-0.21991980830355284,2.8893311839491598
XRT_1,41,Anth,784,-0.16685681227180718,2.9423941799809055
XRT_1,42,Anth,765,-0.15454695853922207,2.9547040337134907
XRT_1,43,Anth,481,-0.5018807871001113,2.6073702051526015
XRT_1,44,Anth,655,-0.30667576068450497,2.8025752315682078
XRT_1,45,Anth,469,-0.5347180894916028,2.57453290276111
XRT_1,46,Anth,585,-0.4698991410789038,2.6393518511738088
XRT_1,47,Anth,684,-0.3664847884622833,2.7427662037904295
XRT_1,48,Anth,497,-0.6030051257638701,2.5062458664888427
XRT_1,1,BW,1.99,-0.12965029761904767,2.979600694633665
XRT_1,2,BW,1.88,-0.16437251984126933,2.9448784724114434
XRT_1,3,BW,1.93,-0.07676091269841279,3.0324900795543
XRT_1,4,BW,2.11,-0.4176959325396826,2.69155505971303
XRT_1,5,BW,2.01,-0.20012400793650797,2.9091269843162046
XRT_1,6,BW,1.98,-0.06906001984126986,3.040190972411443
XRT_1,7,BW,1.73,0.0067088293650798825,3.1159598216177926
XRT_1,8,BW,1.75,0.0910590277777783,3.200310020030491
XRT_1,9,BW,1.67,0.015513392857143371,3.124764385109856
XRT_1,10,BW,2.06,-0.46753472222222225,2.6417162700304906
XRT_1,11,BW,1.85,0.0043526785714291805,3.113603670824142
XRT_1,12,BW,2.03,-0.24418402777777826,2.8650669644749343
XRT_1,13,BW,2.01,-0.22328869047619027,2.8859623017765226
XRT_1,14,BW,1.99,-0.09466765873015903,3.0145833335225536
XRT_1,15,BW,2.1,-0.5694072420634912,2.5398437501892213
XRT_1,16,BW,2.11,-0.5680431547619044,2.5412078374908083
XRT_1,17,BW,1.9,-0.10678323412698337,3.0024677581257295
XRT_1,18,BW,2.02,-0.3427951388888882,2.7664558533638246
XRT_1,19,BW,1.52,0.440091765873016,3.5493427581257286
XRT_1,20,BW,1.73,-0.0421874999999996,3.0670634922527134
XRT_1,21,BW,1.48,0.43516865079365247,3.544419643046365
XRT_1,22,BW,1.89,-0.10483630952380946,3.0044146827289033
XRT_1,23,BW,1.73,-0.02571924603174547,3.0835317462209675
XRT_1,24,BW,1.92,-0.004501488095238093,3.104749504157475
XRT_1,25,BW,1.6,0.400086805555558,3.5093377978082705
XRT_1,26,BW,1.73,-0.026289682539682557,3.0829613097130304
XRT_1,27,BW,1.77,0.08629712301587322,3.195548115268586
XRT_1,28,BW,1.75,0.06620783730158789,3.1754588295543007
XRT_1,29,BW,1.84,-0.05217013888888844,3.057080853363824
XRT_1,30,BW,1.97,-0.04575892857142905,3.0634920636812835
XRT_1,31,BW,1.67,-0.00767609126984059,3.101574900982872
XRT_1,32,BW,1.93,-0.06507936507936496,3.044171627173348
XRT_1,33,BW,1.87,-0.07749255952380962,3.0317584327289033
XRT_1,34,BW,1.82,0.07390873015873123,3.183159722411444
XRT_1,35,BW,1.89,-0.09186507936507887,3.017385912887634
XRT_1,36,BW,1.95,-0.013206845238096065,3.0960441470146165
XRT_1,37,BW,1.71,-0.06875000000000031,3.0405009922527126
XRT_1,38,BW,1.69,0.04843749999999991,3.1576884922527126
XRT_1,39,BW,1.73,-0.013492063492063222,3.0957589287606497
XRT_1,40,BW,1.95,-0.129563492063492,2.979687500189221
XRT_1,41,BW,2.01,-0.280096726190476,2.8291542660622366
XRT_1,42,BW,2.28,-0.5278893849206345,2.581361607332078
XRT_1,43,BW,1.8,0.07034970238095162,3.179600694633664
XRT_1,44,BW,1.83,0.03118799603174599,3.1404389882844588
XRT_1,45,BW,2.12,-0.3955357142857132,2.7137152779669993
XRT_1,46,BW,2.02,-0.3015749007936514,2.8076760914590615
XRT_1,47,BW,2.21,-0.5363467261904761,2.5729042660622365
XRT_1,48,BW,2.23,-0.6646701388888884,2.4445808533638242
XRT_1,1,TA,6.45,0.08281663353480917,3.192067625787522
XRT_1,2,TA,6,-0.03136987440169792,3.077881117851015
XRT_1,3,TA,6.3,0.04314649464592102,3.152397486898634
XRT_1,4,TA,6.6,0.08358548274115862,3.1928364749938716
XRT_1,5,TA,6.3,-0.028356481544555223,3.0808945107081573
XRT_1,6,TA,6.9,0.1146536043948603,3.2239045966475732
XRT_1,7,TA,6.45,0.09000909385226977,3.1992600861049825
XRT_1,8,TA,6.6,0.11629050915676395,3.225541501409477
XRT_1,9,TA,6.53,0.0987309853472413,3.207981977599954
XRT_1,10,TA,7.2,0.22431382264882868,3.3335648149015413
XRT_1,11,TA,6.6,0.10932126312501798,3.2185722553777305
XRT_1,12,TA,6.75,0.14243964917129942,3.251690641424012
XRT_1,13,TA,5.85,-0.22835234798609202,2.8808986442666207
XRT_1,14,TA,5.7,-0.10516286336240249,3.0040881288903103
XRT_1,15,TA,6.75,0.18995122344247933,3.299202215695192
XRT_1,16,TA,7.28,0.22524388217263785,3.3344948744253506
XRT_1,17,TA,6.6,0.10842840598216127,3.217679398234874
XRT_1,18,TA,6.6,0.10019427899803435,3.209445271250747
XRT_1,19,TA,5.55,-0.06079695704910512,3.0484540352036076
XRT_1,20,TA,5.55,-0.017018022092561702,3.092232970160151
XRT_1,21,TA,6,0.018741732741158895,3.1279927249938715
XRT_1,22,TA,5.25,-0.12344163370037821,2.9858093585523346
XRT_1,23,TA,5.63,-0.08181630037133727,3.0274346918813753
XRT_1,24,TA,6.75,0.18914103806018867,3.2983920303129013
XRT_1,25,TA,6.15,-0.006394676225527363,3.1028563160271854
XRT_1,26,TA,5.48,-0.07564070773503068,3.033610284517682
XRT_1,27,TA,6.75,0.12711226845544493,3.2363632607081576
XRT_1,28,TA,6.6,0.1253265541697301,3.2345775464224427
XRT_1,29,TA,6.45,0.08680968909036488,3.1960606813430776
XRT_1,30,TA,6.15,-0.01647652146362147,3.092774470789091
XRT_1,31,TA,5.7,-0.07366898085862861,3.035582011394084
XRT_1,32,TA,5.7,-0.05624586577926327,3.0530051264734492
XRT_1,33,TA,6.15,-0.008734292430536722,3.100516699822176
XRT_1,34,TA,7.13,0.1939070766170824,3.303158068869795
XRT_1,35,TA,5.85,-0.1904803241765683,2.9187706680761445
XRT_1,36,TA,6.3,0.04826802218717208,3.1575190144398846
XRT_1,37,TA,4.8,-0.40846560876520777,2.700785383487505
XRT_1,38,TA,6,0.017898478772905346,3.1271494710256182
XRT_1,39,TA,6.23,-0.002422288462283092,3.1068287037904296
XRT_1,40,TA,5.25,-0.17091187179561657,2.9383391204570963
XRT_1,41,TA,5.85,-0.2218915344940283,2.8873594577586843
XRT_1,42,TA,5.78,-0.15415013165227887,2.955100860600434
XRT_1,43,TA,6.3,0.053649966868143495,3.162900959120856
XRT_1,44,TA,6.08,0.003616898045652364,3.1128678902983653
XRT_1,45,TA,5.7,-0.01762979435069245,3.09162119790202
XRT_1,46,TA,5.55,-0.06310350466815196,3.0461474875845607
XRT_1,47,TA,5.85,-0.17838955036704457,2.930861441885668
XRT_1,48,TA,6.3,-0.09742476862101351,3.011826223631699
XRT_1,1,TSS,18.4,-0.46631531090963324,2.6429356813430793
XRT_1,2,TSS,19.2,-0.4770295966239197,2.632221395628793
XRT_1,3,TSS,20.1,-0.33185350535407826,2.7773974868986344
XRT_1,4,TSS,19.7,-0.22072999344931588,2.888520998803397
XRT_1,5,TSS,21,-0.22550429900487196,2.883746693247841
XRT_1,6,TSS,21.1,-0.2725239748519557,2.836727017400757
XRT_1,7,TSS,20.6,-0.3955563823382052,2.7136946099145076
XRT_1,8,TSS,21.3,-0.1720527446932253,2.9371982475594876
XRT_1,9,TSS,21.6,-0.05382357802655935,3.0554274142261533
XRT_1,10,TSS,21.8,0.09899140213217089,3.2082423943848837
XRT_1,11,TSS,22.2,0.08184110451312276,3.1910920967658356
XRT_1,12,TSS,21.5,-0.04146412033883398,3.0677868719138788
XRT_1,13,TSS,21.8,0.08319279102105887,3.1924437832737715
XRT_1,14,TSS,19.9,-0.28426752674674144,2.824983465505971
XRT_1,15,TSS,22.1,0.003492890227408535,3.1127438824801215
XRT_1,16,TSS,22.1,0.02402860451312344,3.1332795967658362
XRT_1,17,TSS,22.4,0.04047205689407529,3.149723049146788
XRT_1,18,TSS,21.9,0.012396660068678289,3.121647652321391
XRT_1,19,TSS,22.4,0.029914847938787986,3.1391658401915006
XRT_1,20,TSS,20.9,-0.23694609817531354,2.8723048940773994
XRT_1,21,TSS,20.6,-0.35591104503661875,2.753339947216094
XRT_1,22,TSS,23.2,0.12205687832264706,3.23130787057536
XRT_1,23,TSS,22.9,0.15710978874611486,3.2663607809988275
XRT_1,24,TSS,21.6,0.04469659394687997,3.1539475861995925
XRT_1,25,TSS,22.8,0.23817377648656363,3.3474247687392764
XRT_1,26,TSS,20.4,-0.3666005291636025,2.7426504630891104
XRT_1,27,TSS,20.5,-0.4118758267826504,2.697375165470062
XRT_1,28,TSS,19.9,-0.27829447757630005,2.8309565146764126
XRT_1,29,TSS,20.3,-0.45294725535407865,2.656303736898634
XRT_1,30,TSS,21.1,-0.23249834652930823,2.8767526457234043
XRT_1,31,TSS,21.5,-0.03603257269613351,3.073218419556579
XRT_1,32,TSS,21.2,-0.12332175920406951,2.985929233048643
XRT_1,33,TSS,21.6,-0.04048032405830487,3.068770668194408
XRT_1,34,TSS,21.4,-0.1965443121535444,2.912706680099168
XRT_1,35,TSS,21.9,0.09202215610042459,3.2012731483531374
XRT_1,36,TSS,21.4,-0.11361193779915062,2.9956390544535623
XRT_1,37,TSS,24.8,0.20296792331196037,3.312218915564673
XRT_1,38,TSS,20,-0.2861441799572525,2.8231068122954603
XRT_1,39,TSS,22.2,0.037037037052804894,3.1462880293055178
XRT_1,40,TSS,22.8,0.08971560848137705,3.1989666007340896
XRT_1,41,TSS,23.1,0.03816550927502735,3.14741650152774
XRT_1,42,TSS,23,0.04876405428799439,3.158015046540707
XRT_1,43,TSS,19.7,-0.3027984458302681,2.806452546422445
XRT_1,44,TSS,22.7,0.19119130292582234,3.3004422951785353
XRT_1,45,TSS,21.3,-0.06136739412470421,3.0478835981280086
XRT_1,46,TSS,22.7,0.16104084000227992,3.2702918322549928
XRT_1,47,TSS,22.1,-0.013744212947194606,3.095506779305518
XRT_1,48,TSS,22.2,-0.058436673264655015,3.0508143189880577
